NSL	NSL-75	8c07f11cdab8d727f31562c97958c18943e723e87a11f8471824d736d4f432e4
NSL	NSL-76	a505b61444a82f74b711ced1ad3bb671d44815b5ca7720b6e5d854939c0c1b9f
NSL	NSL-77	6522fdf812640a477309cef38bd300bd3399dba87c7e4c970a20dfdf109ed560
NSL	NSL-78	2eecf5fb7d00e4bdd55201a480c02975362be4c95cef456dc9aeb2735cf11d14
NSL	NSL-79	5eb171c4ebbb88284d43f1f590f42228b9c528ac3549d90f893e728ce22a188c
NSL	NSL-80	3f8c2fa40699a187011ed0556e87cb012c26add2c668c28ddf0f4fb6ec246585
NSL	NSL-81	f6a36a12e3878d218c11ce2113fec4a9cb3432f866ea018b23ff8458ab895235
NSL	NSL-82	21a1f110e0e1ccd1f3011e7ee8d6cf6a5881f6847ba803195461cd2ec7c87099
NSL	NSL-83	d7cc2488abd497b90321f899cc9a6cef0d4723b1a3238b7cf755aa3d1addfb22
NSL	NSL-84	6e730b0ab25a35509adcfd637e7b1a959ef44e5cfe2b25123ba377593a187846
NSL	NSL-85	d938499e4bfc1a3d1a22bf1a3761c40fac42fcf3c80726adab2c7c273b7c027c
NSL	NSL-86	ca80ea0b3906771f81b2fe0d71d1d8be67cd40e6e7e025b0756b35af7a8a0399
NSL	NSL-87	f982fbaab4dfc55a580be179ed035e15c9ea169a6c946c12f6390001f17b16b5
NSL	NSL-88	0cd223fafcaf17b48438f3021fb5d944afb00e9f174c12cde5f646a44b0be267
NSL	NSL-89	10696f433d28929cb48f00ec947b6424ad0cf765cd4db8110064cd85dcbd9e89
NSL	NSL-90	e23fc5f6108a1ff253b4e67bd2f8e10bc4a0d8d4cb7d847917e897c73eaabe30
NSL	NSL-91	e841b1f576d76e741c87d127c3b780c5f8f34e12ce5fac6c0e6e4ae35307710a
NSL	NSL-92	1ea8b325f6acc312e037e16f61d800a63f0958b39e1ddc60b0f79b665975136c
NSL	NSL-93	841ead6cbdcad0e52357a5fcd3becb32fb63f766bbb289cff0b8ed370dea1afd
NSL	NSL-94	91426ff9d8afe94dde9f1557f159083d151c7251718d305cb2a7efdfb2ea9455
NSL	NSL-95	6d40b0da2333153dc324d2acfef7c960b0151fdb55ea21adeee72ced96fa0c46
NSL	NSL-96	ebd9a3598bfe13543ff91b3f3945c4128c6eb7c73b5721c16e86699cb7cb858f
NSL	NSL-97	f9f730d9bd1562991354df88bd0c9e8608dfe59cf4332f6e7c1cbb0c415e3924
NSL	NSL-98	2c229518dca1d512674e8462eecf373b3104695a93331bfa835fe8a09d8d2287
NSL	NSL-99	94b7c378ddecdd60192c229b076246a81c7575d1ce98a6e2cb5f2c5fd39fe76e
NSL	NSL-100	2c01744d0ee8526dcc893171ea8ac7a2ee7b74501f648aff5d41ae0824c5d584
NSL	NSL-101	a1fb1945ecc86f67053934287d20889f0674d3114db869c0c9c391e74c061fdb
NSL	NSL-102	158337af83d3f22044f4cb85b8f8408bcf5f881d0e06b28b499fa6ce7768a024
NSL	NSL-103	e6e56a85f0933218e0e2ff739307d37d910e50fc740be4e387f7f3050e85c0f6
NSL	NSL-104	88df5962ad28ba81d3a044a42f6facbaee6219cdcbb17cf1a2ae541144698922
NSL	NSL-105	507e5b30d27d5713e636ba82eed76c1d76c69a7115296450693e3a4fbdf2475e
NSL	NSL-106	6611b1408c2c6039716d1767c68cf5ecd359d410eb1e6dc3eb961eac05ab0255
NSL	NSL-107	a3acf777c4b2474d7a6e08d23f362bc07fb5225fd5b51e852a7e9b52c4b5fcd8
NSL	NSL-108	99e8a67c00c57e6f0274c81493fdbafdb793b037310b53ff0bc83992cf8fdb8c
NSL	NSL-109	a8b925e14aecc5e758be1edfede6a0b7ffa00b8044de365b8b163d831e5ddf26
NSL	NSL-110	761a5cea26f1e51c9db8f234e0d157c1950beb705fd8af412849eda90667c9f9
NSL	NSL-111	06a8b982d1ebe363fd1d52f6f00df5d86bc12ece1a248e26b8d51d7fdb377897
NSL	NSL-112	e1a2f93c3406796fe4a5e462eda56782e272e97d923d27690c807551c3d7d505
NSL	NSL-113	55a19ec250ee2498ee22e8803030de3da7f8adcad0825fac560ea47c3b6577ab
NSL	NSL-114	507edd77fa248ae6790b7f3756a760dd84a0205aa43c1f14ae6e2e76d7c0e551
NSL	NSL-115	c8362e07833fe1d0f5facd6b85dd4b4f29d0e1f3ede55546c20db9b63624f904
NSL	NSL-116	93e53cca54f87376908dd121d2578317347c738001575f0b03630edef30ed92c
NSL	NSL-117	12505c88732b54aedce636fc663dbfb86b91ab198528f55b4dffdd4e9239590e
NSL	NSL-118	398dafa154555e85ea98133d5d2231a1a025691d253b7e89a83f4197ca261741
NSL	NSL-119	206e7e2047edac8d69618f10164beeec1e709deaaf4db93696f4dc3a91b806a3
NSL	NSL-120	81e8e5cc64b5a73e5fba0490cb0daacbba15300f2fde4b0512d51c2da9ecd3d4
NSL	NSL-121	07a28e20adce66e93f15ce9aecc9bc1f0fa1ba634c3d1526133965479c6c6b81
NSL	NSL-122	1eed7a057713ec5ee2a90e8d5b4f73579d24714bcb6155e09acf710b2240d21c
NSL	NSL-123	eca13dac0b71a8813d8e39abd6756b35baf888d3a840e6cd4f4f100c9db7cf32
NSL	NSL-124	2db7f66bcf1628df949752bb72720e4cdff48d6bf17296563e6efc4070142dca
NSL	NSL-125	047e525d864a1bd8a234442271b8225a624866934b56370c14413ead0ed3801a
NSL	NSL-126	363c6cdec80f4eab08c0c7bf80337b25351d9185d58df981c7c425e14f82e9d1
NSL	NSL-127	6587f8dad6800dd3f6b22776317f37e597c35973ba55df45fcd1acc175d2137d
NSL	NSL-128	828da3f66f9beb25c51bd4f5920e94a472009ef24c7c8924354418c5df80c6f7
NSL	NSL-129	5efad9c144feb8d2ee30fe25e8ec611d7e75b68fbc79c58d57f85e57ce1f3cca
NSL	NSL-130	2af456f3c233f89ff43de07d0dd03d857b634a409dd85d90185ea737ef640183
NSL	NSL-131	900ff00b4ede050c1fb6fb093b6b9ca5c76824ed0c3f66db8defdfc3a14354fd
NSL	NSL-132	d726409642b73c8bc4e11105cd71ddb8c96ac6c7a793532b13c13bdd271b07a8
NSL	NSL-133	c75187977c8065ff9198564db439ecde983e6d2afd97e308cbe235e57bc22413
NSL	NSL-134	77753df0393dcaa82eae3848061513822743fb47610f9a4e848d7ea11818aa5e
NSL	NSL-135	077beb81136f91969fb010d81b71e8f8d1ee0e3ec84c6331e4d7dcb089e41f0f
NSL	NSL-136	80f6ca824946781ac3b1842cd382fc45f9bcfa023125fac77c1783dae4912304
NSL	NSL-137	ff372a40beab7fad829fa0e9311456f617da983b956e459fdf2f67545120f5ac
NSL	NSL-138	bf83dbb0581a4fbc7637476cd6d7d9507a8492c15878df9666ea1d3fc6d83213
NSL	NSL-139	4366dfb5f0f591fdc2b82369b9c06ef156ed6593f781c8bb730fb43267fc88c9
NSL	NSL-140	fbcaf56a9302e0581810958720b08e47c18da06b4cbd3a508a37f5dc8fa0373a
NSL	NSL-141	b97da2b7fc6de17555d478ecc20e114c13b355980e0194e9834c0ac884aa46a1
NSL	NSL-153	2377309013ef49e13d7292926fb90a1985bd50e18f438b621423f3ebfa628039
NSL	NSL-154	11eb554a65f0a6aea774dc5b70511664d526854c999bf46881fdc87a27083e04
NSL	NSL-155	3a7dfdc6e11b263bf6f79723980bff129ecd3f0a99fbe60cea9273dd5daf1272
NSL	NSL-156	20d59f8fcadf08280ee89e5a6f20c9511d25d1a81aa70a402d28e9f484a1094d
NSL	NSL-157	8dc000444de8991c05e6d514891d7cbc0b63d6a25783ada03bf3f640c2d47628
NSL	NSL-158	0a89e6b9f0444b3495c00edca9397dc8a0b57f91671df6a2516eea251bc2a0d3
NSL	NSL-159	e3855bdbd13f9bac849bba331db13b6b65dff639471e8a4b74187d1d4d79e85c
NSL	NSL-160	687644bb19a7d224583465e7426f41ea5fdaea4cc0101725da266885d7298510
NSL	NSL-161	cccf273c67bd7538cf739bb1af12e7309d025a0ec1fd9e9de75e2faf628c748a
NSL	NSL-162	8b9ffda6e0d1ee727da45ea42e761eef0aed5814b44dc28dfe40dec261941c68
NSL	NSL-163	9e18139e6e4a671ecaf9d8f28139413c46c61b8a245c1d20b0e1609afa8a1066
NSL	NSL-164	2ed90b042329621db51e13a84d55b0df7613137a46221c57ebccdad2368b300f
NSL	NSL-165	b80531486035e997f7f91140b2b4531585bcae064219816e33f3227b96b0af31
NSL	NSL-166	1764d2a166b9a541d7907d4698b6828d4e275e6e16a770f5832b59a3985edb0a
NSL	NSL-167	6cbf53314cf182417cb4b4ef6549532996a141e27ba004999a4b98cd35cd3a37
NSL	NSL-168	5e096bbde8647d910ec5ec052c1770d42cb7803c8bad126148b85eb662b2948b
NSL	NSL-169	06401c6cbafbf852b566540dca24775f0f77cc2a83fd87b48bf197a88c85bebc
NSL	NSL-170	2793755f811874f7c8bd74637cd4850f6ac5e2539da95c5e8deadcc0f41acff7
NSL	NSL-171	25a586c9f3c86492569ff9cc9af4cabd33d83cddfe253f1bab6a02e375e767b3
NSL	NSL-172	45005f40192cb582c755a9b46901ecc289d9f5d6fa58bf69f115e622a75018c1
NSL	NSL-173	03cc06ebbf9cc7ed0b45655ba2308cf78a1aded5075e7b2d29e9991b7cbde836
NSL	NSL-174	cf8431b93a95523238460a559577b3fdd1e6e1e2fd84009fbf069b132054a057
NSL	NSL-175	efbc027fe98cca7d7d0f805e8496652c51ce14dd5777ce18bfc20b55af43ccfa
NSL	NSL-176	0e10d2d81e128c383fcc3a9505d6b855c1391dad0c0365cc92a7de728dd7ceaf
NSL	NSL-177	73cc3b4dd8569bbeb8974587ce752ba704f4eff58929862ad7627338ab5dca96
NSL	NSL-178	959b25fc6857f6cf26aed2a93ae232b1999470339ddbe4d1086070213fd2e7bf
NSL	NSL-179	87e8ad60824e4dc6dfe6735d2f4611ac1e06a6941f861c2daadef53447ed40d8
NSL	NSL-180	91c888df0cb7272fb57b62a4fcdb2e5357f3c6009452f115daf62f2578183cb7
NSL	NSL-181	a0477a95a1175ecf43f8c863945309f681f5f285a5a03b4a60f006a49cf17727
NSL	NSL-182	cc900dda26142268d3615b4b46b148c4cbdd9aa9952a666e538aa3f870a5ff86
NSL	NSL-183	56b82abf61381f349b83f66ae158d19e70a0fd1f7894914b99e838d69da01d87
NSL	NSL-184	a9470f2e55ccb00f9b246f873890e34895104ec681ed0e044eaf3f6d97f28c57
NSL	NSL-185	2c3d720442b9fc1ac399d931f7d7c2b9160ef6082a1eca1a65c3869f5f6a7a1f
NSL	NSL-186	c14668272cf06dd0e1342a94d9744a7e097a960c589119d6b012945df776e456
NSL	NSL-187	bbc55d6b3fd807ace45a02be25bfb6a048af97efef9f41e15c7f79e1424adf9d
NSL	NSL-188	328de9d4246deb842af159bf6b9e34a2be549beda5961148cba2b9ee72cbcaa4
NSL	NSL-189	b0eb768b14c1a33c0e80718803e4df35f1b751ab39780a126c148d1ea0dfb421
NSL	NSL-190	05f9d8cc8dc946947207f817bac0c890c9744c2c272f2d86fb6936b14a4307e9
NSL	NSL-191	b5277feda3079a8fcbd5de6afd9748a65683037d05f5e680825cf95be1596993
NSL	NSL-192	b62026c9012b1cc2ce53af3a7ca774c88b02006f3b2bef81fc90cc70f0ff7a6c
NSL	NSL-193	8e98791f4cac65a0a97845bf948743839f9dbf8b66448ec47fda64d926419adf
NSL	NSL-194	77fda414e3fb6aca1b03095c413c64e794dde921534c569ad140c3cc68b8d436
NSL	NSL-195	f59139f107706369c14994a39f8868320ff5588db1ad53c3f55609796cbd334f
NSL	NSL-196	2d0cffce12809e6aaabfc126fa9549b6e0bf3f2dde6149125ba34fd3f204bc29
NSL	NSL-197	6fc354b7477c309a92000515fbb8b252a19cb36f3378822dcd2bdee446ed44ff
NSL	NSL-198	ac472e41c844db0e626fb82a66fe83e24c44cb3972044fc5a9534ec971e8bdb9
NSL	NSL-199	f54abff6f4e0025e7b1430be1bea81ea0dd6e05e6e9fb8403084cbca6460fc5f
NSL	NSL-200	d671815a52335aefe275c5fabde1386d1ecbc5d7bac8a6b004f7baf764d31eb7
NSL	NSL-201	b5eae41be118be48fe6abb488b516f7ff657e19dd09cb45d06d4d2cc230dba77
NSL	NSL-202	979bf973af464d95b3db0c9f3da0b6a2685a96c3459480cc67f21bae9e48eb79
NSL	NSL-203	42aa3b7f6a64f7150fe5c2ef50a2c147d850fc9891cb348264ee988b7a5b5c12
NSL	NSL-204	06d06b0ebc8e1944dcda32d7ca833d85a14d6522637655360ad3f66d83def11a
NSL	NSL-207	83db181256056693dc3c2556e842c246b9732597ed689c2c0e6f19b68311c03e
NSL	NSL-208	6548d9fbf88b1d647662dbc56aa4c05518a8286742b8db5373bfa55ebeb9bd7f
NSL	NSL-209	a67c9d41cd330322cef3485ffbb99c281866315cbd55d4a1491f5670bd8b1cbc
NSL	NSL-212	ba7a6c3dd080f88bd6be68194705ad2ea8c3ed5d18a69711cefed4c9f527af29
NSL	NSL-213	889052cd9f59bac8346e43bbd1cf4518d4ef0468db3dfa9c1ec5ebeea150f46e
NSL	NSL-219	b87593635637fb4b3a81913bcbe777aad25899f53e3b91e79af1062cdf1ca908
NSL	NSL-220	cf6748af6b41459f2f729444ad559144ffdbc6f4f004b6ac967a118ba7342abf
NSL	NSL-221	b74998fac73e1a880ab16ef484be046ca38831748a8b333375346ce8a1603d60
NSL	NSL-222	2f8b6d07d4ffe0333ad8c71377e6d6814d30946d8eae548cb0218778d1694326
NSL	NSL-223	3eba541cbc503a0e615a0bc8c6bd83cebd21834b44663e907b8c4b71612dbf12
NSL	NSL-224	9124955bef925829f810621e272f004ee90eb0c09d62ad9e65272434ec7028a1
NSL	NSL-225	bf026524ca338bc32c01d32ba5a523dca8f7ca47cd8235113a3cc665a94caf51
NSL	NSL-226	59e0daa1fab131d2694a9c405fa1c7e6e013985a2bd61b631046fc23e77f9b47
NSL	NSL-227	ade73cb98cefa10de48e5cc72b7fe1bb2b3ab8236d64ab4bf1deb12fc3f9d4ff
NSL	NSL-228	a3bfa7e2cdf76b8412d2e179ced8f237b713bd1f7bc68af80c5cedb7efca2c48
NSL	NSL-240	d07c0d170eeab1f82d8fee79bc3e9d5c33b64e9cec08a3d6e48325f7ec648a33
NSL	NSL-241	ceef0ffacf28215ae8660e1e96801fe44e99fa08c8629a533f2b9508f52cb870
NSL	NSL-251	90c0d37460d6ad5f8949fc0f9dada67f86b0c60bdfbf293e4d91c07c0aff3678
NSL	NSL-252	4c1bf9155a150caf35c898ff1947286ca788380bcae59348607b505c7f80a241
NSL	NSL-253	16f32718117c6fdb38df1eb559b000b9dd153a75e279aaee8b778691834717da
NSL	NSL-254	9e362934bf8d669fb87b9b970cadc24c370aca9d4cd098b09d022043179d27b9
NSL	NSL-255	7224f377d4652e21390bfbdf0381ccbc033b77da97f3378162254e7df34da8d3
NSL	NSL-256	009285feea62e822b683dea38e7dda2d91a7566604bab9c3a1783dea2ad15b1b
NSL	NSL-257	02bb6d3f4282e2f0c95ccc047590f4715903ee63323fc212210f5b84acca1569
NSL	NSL-258	e49518a2ea4c80e87eaacac74683c2c7866075adfd329baf775820f6603d1944
NSL	NSL-259	73bb076e6276e845e2885e718633089c4191872f2e460a27cc6490355bff6469
NSL	NSL-260	bc674a604533932dc755ba9e6777fde53487422692ad4d8bb878dfccd247bbf9
NSL	NSL-261	2b163234dcdd156c0755740223ba3df25d28677382f89582176781c28846ac0b
NSL	NSL-262	4733830833b8dc167ef0d987695abf5a76e88c165dbd4942d6c1e2f9617a957c
NSL	NSL-263	80d714bab48d3ed01a54cb28ed819417bf54283631bd3b1b737faf2525c1a99b
NSL	NSL-264	d697d67dd2fa7d41a1ca4583a1f815868d1025267470a9547665d0288c824d71
NSL	NSL-265	41792f9f08d91d5a612c6880586bfe324e9b259de580b02671bce5c1607a188d
NSL	NSL-266	7b6dca4a625b00c2f65a59a71ef45791978cf4f0dba5e0fbc9263598ee9c8db6
NSL	NSL-267	b911248c916bc9f176d52cb6fdeef586a4f17b12b444dc75d88ea6cd2c848ffe
NSL	NSL-268	a76b640089b9cd7a7c322f9c851535d02a4dde9e37cbd428e2708b58010f2318
NSL	NSL-269	b78e6f433c09dfd7c587a913cdb22f02602053a79fce7554b20a8b31182e2004
NSL	NSL-270	711cbd74028578673cab161537e3dec372b3f21d173ee51b8a6451f29aa31e05
NSL	NSL-271	abbba0b53ada2a9204396a1943dcfc815aade9b5115e2a7fad33682d001295cd
NSL	NSL-276	a8b01b0426fbd52bb2bf2ae2c8c5f8ab9a41425e187378e20d3cba0c47f48db8
NSL	NSL-277	b19a5fb665c0fe64fe1d014636f27cc91f5a68552fd5a0175e97cee31f4af4de
NSL	NSL-278	406213ae1f04baa356df125107dbb051236a5c3665764a85f5e056ff7c203bba
NSL	NSL-283	6a1447b86e4542fe100a3eb072a19ef5e6c9db01582e069a047d0cd5fa191c80
NSL	NSL-284	7a0c6d83124e44c2678536b3f0a72cfd3871163c98fdd60ab63723dc976efc5f
NSL	NSL-285	a5f1f6e83dff36b9237a52623730a278e7d4749f1e9f783da43e608d04ef6e62
NSL	NSL-286	92474ba4ca320425ac74f242c0d1235c0134deecb3f3b07af3bbb98424927a5f
NSL	NSL-287	ce2e31ef7dfeb031e41c931489db70a680399d7a57895e60beb56687d29ecc4f
NSL	NSL-288	1c4cb327d332c5acd7e455718de483e4720c830c086bf7bb3907348423c2cdc8
NSL	NSL-289	58cb9d12eedf5f9500d18e70ac96d0fee2bde0765ef56ad62d207f60845a9fa3
NSL	NSL-290	f1a0ec4ca2bc88f8924a6e981d43cc9d5d47fa105b2771c2bb2edb9e1ba7ecaf
NSL	NSL-294	a5cba173317abd039a8c9599388c760a80f3f1a76e4d1ce5103d0a4a63da5cfe
NSL	NSL-295	f6ac2ae492037cf4aa7446d552ccb28ec3b13169aaa3723c08f18e5530691701
NSL	NSL-296	a3eb8556b5384801ba7be6af88c243fceaaea56c350cd5cd151834312c5617c4
NSL	NSL-297	7cf22233f91106159b136cff1ecaf2b86bf77d6d0a1fc5b7040d1c23235d3a82
NSL	NSL-298	abb6267bb603bda00c349ff75babb4187a7e353d2aebf5fbe784f065c3cf8b6f
NSL	NSL-299	1df6dcb3d021f4fa4fa6be2a61f7562365994934d45171088d171365a9906cde
NSL	NSL-300	ba63f9dfbd20dd490307917d68504241f84c6b8bcccc0a5ebaea3f10ba6c350a
NSL	NSL-301	4a1538466ee7046aefbdf58a2c1d5cb1c4f7ab1e398f207a9353748885d5d40a
NSL	NSL-319	01f8437482dbbb6fa12f9877c5900fe40198b52695a471113976be6b29629cad
NSL	NSL-334	f33a9b62b28998377b803f92b8e4f9e05c96f962641fdadf69560edda342daf4
NSL	NSL-335	8f56d2d775a29c5f5d5adc0ee19c6abe06cf71267f3f3962896e73c53cb46650
NSL	NSL-336	67d0fda0bff7406d2bd480593fa5451011b36ddfea669a35c8a0bf6eb50b4aca
NSL	NSL-348	19a9e6f03f1008db3f557f8056d08a23d6bfeccbf80d65c4dd0d516975797d0e
NSL	NSL-349	d74b151f3557e11ba9a6a7f965b020036f263655c12149c78bf358b316d1582a
NSL	NSL-350	8c5ce1bae382f191a7cd0dcc13675a557c31ee2dbabf462f6bbea8033be2f0fd
NSL	NSL-351	8fa6ccc91d3432a5e9988fbffa566e337b6f4483a5334f207cb02132028d2e9d
NSL	NSL-352	fe1db4c3c3454eada556edbea7fc99f59e5c414ee7c01e4fce19744218afb86b
NSL	NSL-353	963aff20867412b99608e8d590b39868db87e5ab44d25a719b752dd3b7eddc2b
