NAW	NAW-955	b53575cf70a9558c978152e539533254c9f67ff661ec3857f7b0a6c83b00311d
NAW	NAW-956	d18c7c7397d2517befac7b1816756b3eff9e733101ab07a1116d7c88c79061db
NAW	NAW-957	66dd4e7e40e36c51e762d4c824411932c6de50ae65f167331acebad6102240a6
NAW	NAW-958	dbc9d5b9022f5ad287480a3a5678db6fc725030c560bf36a85b80f981e81f44a
NAW	NAW-959	f2013daa0da47f963152943e89df62ca9bd4c36edceda27833151d99bdba6f35
NAW	NAW-960	4d4b31b7642e45282d0da9d5b35e505afe4378498002aea152b8d58c5e086cf0
NAW	NAW-961	8981c1815abe3e8d1b52c403f0ad11b32684111552d070c4ad7d981972a57f35
NAW	NAW-962	deefef5a513ba5de44d1808f0473c8448ba494086a2546a2720e9874bf5292ee
NAW	NAW-963	9ffabed496b7dc1283245668cf02f508b7ffe20b734e260de591414082e21932
NAW	NAW-964	58afbff7d5e225a0cae4732ff4da968db14219d08587ca8a2de9d91289f101e0
NAW	NAW-965	7d40942c03ce51effc2e08481b99585d9f8691cb2e5ff91eb0ed8fc1612f068d
NAW	NAW-966	030890306e33afc312eca264abca41fdf5047ede9dd1aa18dda7f105f73a8fc3
NAW	NAW-967	31533d3b676b4ecb8e89d552207c711370ba0140f60f3fb5f81ff3f54fed5021
NAW	NAW-968	b6b8c994a371cf7238cdb367d5fe0bc1ffa8a089ae1d09a03d50786a6d7fcef0
NAW	NAW-969	39e1e24653964cc5183f8f053edd9ca4cc7a8f332a3e5cef74d4349b59caad35
NAW	NAW-970	6e3c28cbef72e363e4075fa361db6aecb3fccbf30059b60f924a871711ae993d
NAW	NAW-971	2361c5b59d80d7369d293dfaaa1cc5096c89a9b2154e76442c451f34e80a977e
NAW	NAW-972	f463aca9f56c9488a9cd73c45479a76c3abe37fddd771705cf61d50e507db80a
NAW	NAW-973	808f103ebf3976433b75bfe0190596a29f5e47490ee54c1d5c15f9c04e7ab503
NAW	NAW-974	90f2c88e52a08e20aa969caa9bf6d35929c1017fa5f12a5232b95da0f3cd34a7
NAW	NAW-975	96011836b36bbc243ab5e1ec9560ca1b3ce42822739a29ac5e45b00c80235541
NAW	NAW-976	392ca5a92884f97b4ad861a8313428117c0d673afe5f13f804c1a86eb3f9816b
NAW	NAW-977	5db3e8c17727246319fa7dd00a645488aa1e41ae2e337cd88913a8b09c5224a3
NAW	NAW-978	dbd08827ea3121d995d10858d22e46751db7ba8881b0ec3a5c751ca99e0cf1ed
NAW	NAW-979	b4a9bf25118abbdc87ea729c34b706f9b34a04f1e3f7ab71f2f19acd9108c5a6
NAW	NAW-980	db88c1bd04152f39a2fb118e31dacc05c6a9f874217d6ab0b3584da13cfdaa12
NAW	NAW-981	6ae3d6c183827722b7317676a3c154557f465c5d098d907fa595dd562cfaa66a
NAW	NAW-982	46310e10e98ae6d65dc53b5bb9c1899aeef0b5ed4a481fe01c820ee30d0e5c43
NAW	NAW-983	6b66d23ebba71b097286a8b3d5d85fe7a37eca0bef025c7287e43a99332d07de
NAW	NAW-984	256d8298ddba698331da26cdbde23a89c7e8c8c550e3f461698f635bcad0c0ef
NAW	NAW-985	03a750b14f2308f85d1316735a4cc39568715dbcf683ee336f9d9141b64f89d1
NAW	NAW-986	3d290a25b262d04711bb1effa3d6408c69ce80c9943182c2db49f6750a250146
NAW	NAW-987	fe7cbccc2abe5043603225b813e48ea99ad5fc40fb36ad3d7e4d8d34a4b542ae
NAW	NAW-1018	82111f031f76ab87af7706a91497eba39f0a9647bd8e7dbcd49633389a2d0467
NAW	NAW-1019	f85589061373095ccb400e91a36a251d75c2d969f042763bc198900af3618d75
NAW	NAW-1022	96624be5374ae96feb083b03d02d17c9d730c479d5883b125e01606814eb9def
NAW	NAW-1023	f4754dd8e239df55a09d772ef4d948881fbb696a9b5706289b3bacc4bfe40c64
NAW	NAW-1024	821688aacb4b6ae93c22387f544c7e4e7fb281e86655394378ec965833a10821
NAW	NAW-1025	41168dc837d0ed2babe34f9ad98b91702c076234fcbe3ac5b9bd3ef3ebb0c7bd
NAW	NAW-1026	bcd2fdba95ba07eb39f60613f23bdee3289982d6c3ee8473daede6c547132e1e
NAW	NAW-1027	06118ca78e2ed88aa6b556977e7542426851f6efcb545fb9c40ec5281c7607f3
NAW	NAW-1028	73944c6b178e1a93cf49a7faf338a6c0e15552945df680597fd91dec84a4e064
NAW	NAW-1029	23fe43ccb3cc3299158160081fc5965da45296679182939fce0c03dd7191ebbc
NAW	NAW-1030	c7034789ea596bad18303ce401197bb9e0dbd9878324db57bb749f9b5f108b8e
NAW	NAW-1031	bb22c94ed1585e88d4d52bb85349deef8e515b9d4ddcb25ac6e4de5e3be77be6
NAW	NAW-1032	5b45632150080c2615062a7569ae348c3a4db0d0ba3aca1f0d637d8a22cf3c3a
NAW	NAW-1033	4b520a411c4556420a6809b381ca544220affcd892fb1de104630899091de897
NAW	NAW-1034	26af3272bdf88d6e5c8ae93a848b6fc2658793024883a64c988590fc78342105
NAW	NAW-1035	665e405a3ea9d757775a88a3149b3aa1d1235d4f5b5d3d94425b3d85e7ad17c9
NAW	NAW-1036	e55c27e6858a2c05e72a1141a78d0221f016c33886c04bf986f73563897584cd
NAW	NAW-1037	5fff3bf0998786013fcc671bc3ea7d7fe4b1e2d2c87612c5490b64a78130875a
NAW	NAW-1038	e16627a5f70f798c9f9565ec6fe115e86a7aa0c37c3fc591c31e1f5454eadb37
NAW	NAW-1039	b324ea206f346d3186d69c694131ddcf843f29d4cff870544c5306e11ebb3bc0
NAW	NAW-1040	271cccdf8950df4f7d99d781de17cb0328205948b53705ce49ca5285eb4d9d96
NAW	NAW-1041	8f6203348269db27d985ef61b7bda9d412c7444ae154212902c757e538392659
NAW	NAW-1042	ab2f5462b62c3fab9c075fdc1f1561c4e2e1723090e82957552181774e2c8b8a
NAW	NAW-1043	2be427326e590b8275b34348c9d9f411a131ede256396abbd9f44481de8ed7df
NAW	NAW-1044	f1141fe43f83d5de72f09e684b0e6dbe1dcbd0688d9a980d2fee0b71e88c7277
NAW	NAW-1045	abc5e8efc838aea2a6ec5e71cae4eb91d0f9150e487b2d98ae5eef18e802d9f3
NAW	NAW-1046	4baa23d5642e0597cd9473b149d46e75bbef0a4dd3b5bc100adabbf337f8d497
NAW	NAW-1047	a4788810596b266dc3b3ba6137b044903765d580e44d862d4552bdee35dbd02e
NAW	NAW-1048	bb8ce163c6747517eee4441c83f617784079739eea12a044459d8963abf8864e
NAW	NAW-1049	df46642520ca1bc7dd75bd2ac4073db94c2701f8865e388b70c28ded614f3030
NAW	NAW-1050	1dc64f956d0841f7d4272ccab239177d6bc40cf9a6f51e6e6524d2bb2c510800
NAW	NAW-1051	57dca950364d7536845730a9ff44d537b677fc5a0c0d01927fb9069f3b3172b9
NAW	NAW-1052	d5a68ed244e915ef0d5c3c080c6a00cbc5dba1bdf50c0b9008b8a56c1c304292
NAW	NAW-1053	5770f8f567b9ca2141f8859ea02e3f0b634ae078baafd6f8b3cdfaecb259fed6
NAW	NAW-1054	8f98a68c4891886f411cc4d7759748c87ad41487b0da413a0210362f31da07d1
NAW	NAW-1055	91bbc73a177a698c36c4f4d7b385e46c79b0e3730c73233346ac65ceb3d09b3e
NAW	NAW-1056	80642b713452d08a882871a08e5694d7fc3785ce29a90405e6f768bd15ba6dfa
NAW	NAW-1057	4b7509632e5a42b5e3bb4955203ef96764a23e64db52ebec36b4e8489a938f18
NAW	NAW-1058	5a98b5d799dcdbe28a441661e2d2b0c1514ab1144fb8b27d42ffff91d5ab2eed
NAW	NAW-1059	1c2c34c75e26365f4c895ff3f923fcb985f6db9b748abd094e5dfacff564b215
NAW	NAW-1060	adf859c602f6e9b7d6b7aba8c6dd04cac1ef4c21e344a10c59563b6569c121b3
NAW	NAW-1061	89c6f62579eb370ccb44c4c95bd2483f84f06ca9226082e46574e7a9eda92efc
NAW	NAW-1062	d16d85bb8a299b4514dd3a741226586cccd4b08f91fb57382bc791aaf4ef08f7
NAW	NAW-1064	3cb4a778249dae46a99cb569ef3965f66413b758fea2dc458c144c64efe7ef5d
NAW	NAW-1065	3873bfad01407daee741043fad8889977f62a013d834d521a6a91d7905a7da6a
NAW	NAW-1066	647c086485846d907f84f7f3439c972f959201f476d839c3e9a0a2eb9b903493
NAW	NAW-1067	9555ad06cbe5dd8e5f7f47ecee198b0709fa7de6b7f6002e08c7f08381785a6d
NAW	NAW-1068	bef1edb010e5e3269a54885ac151ae43c259ee53de916fe77e3af622722208bf
NAW	NAW-1069	5abec991031afb00d07ca4e4f1634a858c8c7c99e0acd52b3de3cf74575eed95
NAW	NAW-1070	2f7409cc9f86936178093c5259b79ad3bf6cecb36b54437609e28a5393c4c9a6
NAW	NAW-1071	e5e4e1a0c4054255a215c306babd02e14bbb8e4292bca692c10da3ff18c8e3d1
NAW	NAW-1072	586748e1b9f1f4ff2a00c32ddf48dc8e4447fde92029e37b44192f7b587f78fc
NAW	NAW-1073	134ae42bb702221d44d84039b05b1898f5d2981b965472bf7ad0a114b2dc6533
NAW	NAW-1074	e0a5fd2aa47a9fa3d2694e5f21882803dadc334c0a5af9fa2732bec700e2031e
NAW	NAW-1075	5f684e3c3cb232244eb5449cd7cba291d16c0bd5dfe71b634665ed7372d56060
NAW	NAW-1076	f9835195225e39df2375e271ffe80125998f01058dcce632645ac00b4a754256
NAW	NAW-1077	d67e16ebe82b9b9724e569a7d5676055079966fcba0359b96b60c2a1b22e81a4
NAW	NAW-1078	58db76ad68806199827d1aebf4ffd031fa2b85ab84a84804b03a28217f471698
NAW	NAW-1079	3cc102e7f855fd04cf463689d7ebe9e4dc0053b3a4ccd37acfe0c65052b50d93
NAW	NAW-1080	23372f9db316e6efdf6845e4de9a862d0ec408b2ff6494af9be6604e948e52f0
NAW	NAW-1081	c57878099438c573ffe2ed19d5e33755ba3e8ddfb05a7bb3f86eec8adcf6cd64
NAW	NAW-1082	04d140cc90f028920ab88be2b85ade8c05d3a979a2b30bda87a0473cdd6a95b9
NAW	NAW-1083	081443441f126fe645925a9df0ba68ce2d1c8fa5fba7ea8184107a6f9171605e
NAW	NAW-1084	d4baa4e8b2732033e31d23775dfcc6f9237d48acefe6039b9e2e30ed1c6a88b3
NAW	NAW-1085	48b8a6e7f6ded37bd4b5da80df538f7a143e7c4e2a9a41ff70326e0f6d2d92af
NAW	NAW-1086	5c31a83bee7e8e4245478ae6af44c6abde9b396bb0fe09a91625d8c71456fb40
NAW	NAW-1087	3583e431e9f8a9a7aebd6032353b4745d5338a1247ac483dad7a9fc4afd62f33
NAW	NAW-1088	457a4fca3d712311566af21c59659ab0ac557b2c45a9e38cd5f6f7fe010be0fc
NAW	NAW-1089	99061c485e058e19f2ad54191fd8f9b52231ae45d251d391c1cd1213199dcee8
NAW	NAW-1090	989878a506b813c5c9f97f7bf8393df648e076e024a242aedb7671f6e088fd18
NAW	NAW-1091	46c3640f13acedba0221b28deb211e2ad4a6acb3bb07097c533d78a1235fe825
NAW	NAW-1092	9dcdbc10701bb8107286c378225029f111a588eb295de822549d07de9414ae76
NAW	NAW-1093	509870d3ee39fb22caaa078c90b99c1b8bbb91c34f836a8657b3d278c7b71cb7
NAW	NAW-1094	c4ecf59e9dd3302a17028a1e96ccb087d82344067dc54c0f18f7ed5c19d2e8df
NAW	NAW-1095	4ebe4186960bc02983c3da51868e50b6d19204c4d3f59a6e5f86068353259cfe
NAW	NAW-1096	3deee97da1666ae83e139f74d364d4f82f041245d0a3be2d382d38c0f1a2be03
NAW	NAW-1097	a5e9b9cc75c1d0176cec5ef74c71c0eac48b5712aaec9a2263a577ba959db88f
NAW	NAW-1098	64c8e0642e8eb7c76cfa6eea616d434b7ae27d785f24348961e86e58ecf32701
NAW	NAW-1099	b312b3f1ebbba5737ad698889d8ab74802113328a3bf61b29c6c024ae2accc25
NAW	NAW-1100	651b0c3669a663a48ae2ff7f5dd987e261ffd084d62f6a4144188641d4f7c0a5
NAW	NAW-1101	bb46655c7010a4115a3aca990c481cc524188bc52fe877530656363d09417c11
NAW	NAW-1102	6968c59cb4b4c38119ddf2c357a7da3fc7fb5b47b67be21441b2a16edf89e1f9
NAW	NAW-1123	c375c793af28c1f65332ec8bcea7740b1d288c4a009216f9ff635b3f78bc323d
NAW	NAW-1124	dc2bccc1d1b3aa8b2b4cee2739a47802f1e74364da24ba56839fe4428ed2acb0
NAW	NAW-1125	90c0b7b2274a147b80ef6625b306df9e15291369a2ea8e2849cc892e9bd9b7e6
NAW	NAW-1126	3be1f5100014dccfa8e36391dc11fb1f451b8faeb9e98ed10e5f88d1acfc00da
NAW	NAW-1127	2d6fd020cf105b66127714436980a542ec17f9815313649a15c3347e433d508c
NAW	NAW-1128	70239eca022e295ac32779bcc280afa70b13325172b04f23f8c6312274a78ef7
NAW	NAW-1129	63e21c50ecdf536154c457221cebd1e90dcfede5508652972d730e253c4b32a2
NAW	NAW-1130	1ff9f6d019b4bcd7bd6af3eb31377b08630dacdc8e213998fc110b1abc4fca63
NAW	NAW-1131	e7ce89248b16c51ed4ea77a324d1fe36296a61beb62a3ed8ced750f9baa8774c
NAW	NAW-1132	b3a555f4b9eed602cedb64b0de6a3e22f0202c962bacd5568728acdc3447e3b0
NAW	NAW-1133	e1b3dd5b34671dbb5dc054ea170b4d56dbcaa5367c4eac03333a160852530f4f
NAW	NAW-1134	5b5b4516d64c717ec5c7c0cf344fdbf2e432b4f27d0c353a07e5a8a5fa66deb3
NAW	NAW-1135	780e11b344708d8cae76c65b6cb3bbe19bee1e06f71880a1860668a001bde3f5
NAW	NAW-1136	8a81e0b1104b553e7b18d0bab282638baa049d73699f1cf9c3fde0d93ce4a2f4
NAW	NAW-1137	e0dc34540d3f04feac6eab26aa94a2844e942e0c83814623ad0ed5d55bb49ef8
NAW	NAW-1138	90859acaf92178e2bf9922af30abe8e817dfb361afca6683eb842ee47f63d1cb
NAW	NAW-1139	aac78189c63586e0b5801f8e0972b8ef36f1e7bd47b8859730d8e6ed5e31756c
NAW	NAW-1140	b2a30d4897ea97dfce8eb90955941c8b06d290c708c5e3057d33349c014b0e08
NAW	NAW-1141	15826abb7b1abe66e95891b2074b2ddc274b77e3395be593da3bf13b01df1813
NAW	NAW-1142	6e03bcf65efc87da49f30956bce1400d86938d57772abd1b22af53e482dbb3ec
NAW	NAW-1143	de62e4efa9efe7b7f72d7aa2c6a46b6492c059b5763917f5759143b343b6522d
NAW	NAW-1144	a8414cf0223b5fa19d557cce79245cff19b2317546338614d380ec9753c92d8d
NAW	NAW-1145	01d5d794c00e545e428c6d6c692946db4c16140cc2a6460ee9240ff3fdfde2b9
NAW	NAW-1146	2e8cc612ec0db11a0b7b857e26bda49a8483eac43ae6b9156befe3f9327863a8
NAW	NAW-1147	30a3b4fbf31c31fd87050a707070a021659baa93949b9480e3c8c94fb0d65041
NAW	NAW-1148	f9c3f8914cd632c4e402f15d5ecea5cd84a97ee0d8bff6f007173ac1363c5153
NAW	NAW-1149	64ed623ac7ea3ddd9e3d3b49c366e33b084c7d12a8bc13ba34f4203c87e992c2
NAW	NAW-1150	dbe0a9430c2fd015ffafc1084eaab7a29a6313ddd83ff9d9d5d5cf5e69154cfa
NAW	NAW-1151	e6f3bf7ee5daf44a85cee8a318abd9f3a26d23b19e9ca0a0bbf1f1cacdee45fb
NAW	NAW-1152	c88d8abee12beeabeaa92c8062ba5ce2381e1756fe8053f364984f124114ca0d
NAW	NAW-1153	e9cf8be3127cad06088314eb363161132d1fd312f690abf60efc37eeedd83f90
NAW	NAW-1154	b9b8b2303a965e9b89463d88bcd4245ea19e457cbecaee4658b0c97b84035326
NAW	NAW-1155	e2e900c66ed0392c609ea7f1689daffdb0038619cfac3f1e312f142ece8c9bd0
NAW	NAW-1156	a488164d54365da56d0f33baa47a78134fcf809108eb2146e390ea6cd88bb0bc
NAW	NAW-1157	5ce143a0ae0608ef380cb73f277ed69e2eec68acd064a72b25a369cbdd6f3753
NAW	NAW-1158	8302634317459e4932a5b8d472c86eb3dcf69f35b2301edbb9b7026e88824213
NAW	NAW-1159	b3e2bad38d10a43fa7f5ac03d3cccbffeeba0c75c52e3ecf590006bb14dbc5a0
NAW	NAW-1160	35b835bd060e43c7c0cb974bb1eb65d20d42a98d42b5a60cc2815794d6aa6057
NAW	NAW-1161	d7e263d5174fafe54aa77790bc2993eaf484e4f00b564d6df9b53a7a69e64ad6
NAW	NAW-1162	127200dd863f7cc00f715ab90e7993b9aa618332cf9bf4c47768ddfc72ce5df6
NAW	NAW-1163	cb0c3b491df0b9c16e4e874e91dba0ade51d4454138018d8d7e1bfc904e9807e
NAW	NAW-1164	1a8e4b6c3d0c29af4a4ff480c22e87db9a5a2765c8edd9707223614a260c1d3b
NAW	NAW-1165	461b8fac4eb6f7c5f65e9638116d8b45f17ef52d5c602d823cc53ccc2d5ab343
NAW	NAW-1166	4030340d285b4731e9fc2d76f70ebcc440c77a01b03aa09f11d18b2e36b308ad
NAW	NAW-1167	a356f75ed2b9268db79f60a3369ec382b4d80e06c3e32741bc30201b9b169ae8
NAW	NAW-1168	3365b5fadf54c8ad49e6f226f63b65b759ed8b8fdaa0a11f6861544bd24f74a9
NAW	NAW-1169	e830aceeed4cfc5a18028795ced13d2350115f07edf63478b0f7a8cf02c05143
NAW	NAW-1170	a6e49bd3b2afd72a48ce2a55b8d64bfe4ebaca0895ac29390b30c755a5882aab
NAW	NAW-1171	8d297c1915dd0452ac31da8f885d4564aabc25542b9f133be813a9cf742a71fd
NAW	NAW-1172	938920b0161eb14562b60a77a07f55c4f9a0874ae24df3c2a7ae9b76650e115f
NAW	NAW-1173	a638ffffd6c3c6d1d3faeb83b28fe677d95e220014b5888fc8b22eca73b1aac6
NAW	NAW-1174	c4a6e71bfb7aea7b8ff88f7828e5cd3609d0db4bd29e4471097351ccd52d40ef
NAW	NAW-1175	7ae6d9adff26b90bdf0de43f96ba49953c672f9a40b3e60fb67c63b71d7d3693
NAW	NAW-1176	ef98809d214ef47422d90e5327d2585a81ca9ad7d277cc44dd1f5e7584758750
NAW	NAW-1177	58707808f9b2ceea6c96c9219720ee52d098e24088eb18c29e5456f5b6a0682d
NAW	NAW-1178	57f99845859f9682f052a0d74cd5404451752d70e56c7a94ce4faf40fb98396d
NAW	NAW-1179	8a00f5006fcccefaff09f4cc441acb7401ac292ccefa255ff2aa9207a8097b4e
NAW	NAW-1180	9bda5ed6994c76dd282c56c21bf062abc93f68d3b9625c76265efde249d74ce3
NAW	NAW-1181	ddfa0a7e50e06466e9869aed6719cebb9da94574ecf745028aae7d05028dab48
NAW	NAW-1182	fa3a0fdd469aeb0caca5321e4ad7126a453280ae9d41b758e44b1a036e684c26
NAW	NAW-1183	d56e4345bbf445f0cb5e5cd07391b84bbd44c6109452552993f733aef283dd8f
NAW	NAW-1184	531026c30bb2cdde25bfcb782454f371ad59c0379c3967e0729e11b6bc0272c3
NAW	NAW-1185	cbba561f58b9ff7813a055a7211be324cbbe07aaca9e61caf720be163ffb87a0
NAW	NAW-1186	be8b072a673397a94a432214fb71969475f1aae07c81835fa4c02d7f9a5048cc
NAW	NAW-1187	6104e7e76c191ee589da6edfa7838ca54f1deff94b9bafba264e1ce758723bb4
NAW	NAW-1188	6e3922fd8b7c9d96df10badf8edba12778a6e543ec2394afde5b7b66a898b09d
NAW	NAW-1189	137dd7cccc3f7169e79b3e767581b4c856dd7e0009bdca385fd4909390ad777a
NAW	NAW-1190	4214b17827a0c0644dd9a1636b3a30c68b81ea26423270a9008f66f65e5346cf
NAW	NAW-1191	f7c4fa6510ed7bd966e888adcb3c339555bd24696e1cedb11f319f6c1919f05f
NAW	NAW-1192	6a3fe245c3f8eba6d6a156d05cde773c0411afa70f460958aff6be417d01cab6
NAW	NAW-1193	38678d1999994010ef5c066cda7fcc916383b017f5315215358702cad058ff41
NAW	NAW-1194	89631c2008a7f275abdfb6a2bc2955efe493bfef2fbf391c58f034035dbaa5b1
NAW	NAW-1195	8a816bf1b81794e5bed28b71e1e574b9bc29674efb00372a9fac4f4b1948627e
NAW	NAW-1196	fd94a4153cb08fc4827eef8294190233b10ae362891e3a581afceac0bf0ca1ac
NAW	NAW-1197	f3d02779374365e34ad3fbc0528f8f2bac2d2d78ee300503ee94b92a9d4c902a
NAW	NAW-1198	6c977617afddaf276d979ccf00c0e08654b7f211e4761078cb266eae0f791e6d
NAW	NAW-1199	f83fd76efddce27ed062fb6ae43e9ee36731ebdc0f932856484bd36236c9e7de
NAW	NAW-1200	ba3ade84774cc5c129645ad258ff353f23d35d9122c0a11f232c49de762629b5
NAW	NAW-1201	55d3f158f0a5f33895c8753676020d18dece16573fe10e6c0c7c5f58a494b256
NAW	NAW-1202	41b9f118430ada9b038113aed6ee36fb9b07ea7c04e1844839bfbe70e6ae39fd
NAW	NAW-1203	49fac20105e97ac74680ab920101a89427082c2b732eb2f992f60b7a33af6e34
NAW	NAW-1204	691de5452daaff4075f73b1faf9055d23f23914675671d2a344b42252d08af11
NAW	NAW-1205	3a0ffa93e8626fc1af8856722177f9f4d31a9551fda443fbfaf49594ec481703
NAW	NAW-1206	921129098b48ba80be3b381dbace938d9158f465d9a0913dc65def817cbe7499
NAW	NAW-1207	2803a8e601dcc6e4c581222e8f8e424d7f3e05496a5f2c9247bfd9b002851311
NAW	NAW-1208	f5d47f33c76089ed08b7d2436581ec80303a927cacc98841f827e64d429bef11
NAW	NAW-1209	f13ffcc9723ab37931b89b799c16b8a0085704b2a29579946ce4a5cc51e48589
NAW	NAW-1210	5e8d38e3cf25950ab8a9b43e1f0671a3a27b07d42981883bd1ca99e56847f245
NAW	NAW-1211	95148e4dc6e954d1edccc956c27d52e59e69b4c4d7a20cad2e803ca58fd08c77
NAW	NAW-1212	7318c4f4215c8bf81fbf6227551de7ec1ade213bb8bc4189c0d077344ae20e3d
NAW	NAW-1213	76b70b751d99ea06cbb7fc2ed72179d056f3fe220613a74c022fc908d2dd999d
NAW	NAW-1214	852cb98a790718c03c529b201b435c7fe218d8f2d9afb977a2d4e622aaf9655e
NAW	NAW-1215	385edc4606c413cb72237b7a1a1672766a456310c2207d13503b6bbb3649060d
NAW	NAW-1216	0c6d26c44a463aee3af572ed0c46522cfb81a6a4c903c3bae622d990b4df9dae
NAW	NAW-1217	80b2f3e1bb59f193fd1ef1ae5a05a75cb8c728467a45facbe7ea79081503018a
NAW	NAW-1218	ed5f355c779216dbb238cdc49e48845edbdb0c810a5d1b912935c9b2f3b1e784
NAW	NAW-1219	57d4d5551f5f8c6fea61d5793d9f71507c7ead1c98cecc2510c0846c61d3574e
NAW	NAW-1220	d39167894914de342e1bd81929dcad7e3ee945e6c58fe1a4028845fae293c190
NAW	NAW-1221	ac2ef713fe3ea52652426b0b6ef1db7183b80703d7d5df285a692b5e3b72619e
NAW	NAW-1222	0a1dc9425033f717a46ee290153699b672d6862df6a1b53879e8e02416bea41b
NAW	NAW-1223	371db9c739fb35b8c9044c94741c9bf808f7c7af5dd1c00348774b871bf63b18
NAW	NAW-1224	94598ff0da0b79c55fec011a0fa55e6b587b1642c7de60bbe9fc0c52bd19de52
NAW	NAW-1225	60594d22b23e5d1415b57bc87be973adbf1bba55116e92bda005803d645c99c0
NAW	NAW-1226	96aae0a41e3a14e597ec3dd89ed8a03a38fa29037dcf94ee336fce8b899896ca
NAW	NAW-1227	474e617e3c1b363964755b6e9bff2907667fb5c3e9c763a534a693d9fd9e1058
NAW	NAW-1228	156f3f927306446b4d2ab72e7ccf3f0df0870e4e0020334ae22f7d04cba99a64
NAW	NAW-1229	7d33227a96f102d2c4b80418fc0976590f59c1c77c3302c11216b0b334836c84
NAW	NAW-1230	f4c9ca1e48c14db68aca935b217dc0843f309243de452e27b64670cb05412da1
NAW	NAW-1231	ddd083f4ce53fbb3fd02e7949be4384e1308b6d3aa966d9260b61581b5ebf6c2
NAW	NAW-1232	6c7953fc9a6263cef7dceed8830f1f34ab9eede2d2ad9b6000cffc7eb61d068e
NAW	NAW-1233	a797fe692da8151f8e860711f8bab033c6eef697a21aa4bdf25133728d39f0ca
NAW	NAW-1234	b827dd3d6c42de84acbf05df86eab9bcf75911c15dd719b2c1f8b6dfcd637658
NAW	NAW-1235	eaad5ff3d0323aba63481cd6ddf6aa22371c0ad519bfe363b372198132a576b1
NAW	NAW-1241	625f5c78fd359d946114c208ca38d8ea3b9a6ffe2a0eebf6284fe7d9cc83afa2
NAW	NAW-1242	50e2a9577ea6d02ab569a02a17bd1aa34691f16927bb8e962452bd7fb1cd2edf
NAW	NAW-1243	e9fe5ee2eccd0585bb22d536bd6b5cf04ea599d02359d67a32fb64e4756ec25c
NAW	NAW-1244	0f5fe28e39b30cae2a2a9d1c259e560781838db5585391afb1b5aee97e941fb8
NAW	NAW-1245	97f94b8053e61a63217eabcd0981fa371c9b73d7d7a0ac8ed891fcac5da14550
NAW	NAW-1246	491e163882a47ac4d262be0b96598ec7f5bca2d983be313b6524453cea25d6d9
NAW	NAW-1247	8e5bdb3d45c5e5b5b46382ad6b9a7fc539763b9af10db786a5174bd608349e79
NAW	NAW-1248	bc209e04e52aa4eb4042d40a8ad776a23d07e2c7f468672baa7b039e5a3060c0
NAW	NAW-1249	13d1a703faaa9a6d0c6100e0123715e9cd9bed94fd696910987411dfc5087676
NAW	NAW-1250	9040528dbf95bec2a1624bf04b401fe101e26083e8a4418a1d82610f95b61a42
NAW	NAW-1251	5ddc665135c81c09e8052cc92f09c31c2f0505ddaa8444b14cb8833b84ed1b18
NAW	NAW-1252	bc35dae95144fa6320e1aa2ec0f8a8d3b444c71276f1ede8fc00d052cf42d92f
NAW	NAW-1253	d78ae9d339e1eb96e729506a3492d37e29e2404456d989e1103c5f9d14587165
NAW	NAW-1254	4c8d0e3ea08435004fedc50ca0f05639eaa9e2e0309e10b06759b8429bce97b3
NAW	NAW-1255	76a6e872deae2c7fc9909aa88b1fc5a8ac8df4f9865466beac552b01a120af6b
NAW	NAW-1406	210fca08079ce0ebdc9c1b0547b16697617de4f2cc9e946be27a1a37df163c81
NAW	NAW-1418	e27ba8a140f2509a0c6d808161704aab5fd9e02717c10fd6095b615ecc7c12fd
NAW	NAW-1419	b7814bd984b6000349f3cd352faf3f42f65dc94806a49820fd14ca522ebaa5e5
NAW	NAW-1420	bcb8be998a1c97a2c9a61b9cc275b014d9066342b8f97f8810087224f06cfb20
NAW	NAW-1421	dfd6401027c84e892b4564fe98e4d907cd8d8db27da29f8049cd25e9d06f6b0b
NAW	NAW-1422	824c127d7d92c7d4657c7562e890ad99c65e054df776e7f142cf39d3fc1c4a1e
NAW	NAW-1423	aed616d07ce020134d6694b3ff44f45918724d1d3bbb120d9b0d40146100ac0a
NAW	NAW-1424	b041b873c215ace344e9c90015ccd45c23ee034741d16eda0f696d3e66ab5744
NAW	NAW-1425	7601a98ed4b468c8c1016708bbbe041e01f5532877b2b519b7989c6d6805993b
NAW	NAW-1426	c89b28350904e5c781f6a2049291e2dc863681fb1eacfa3651789989348df88c
NAW	NAW-1427	440e516334d687d1fa637dd899e95246951619cfbb3d6b04adec18305ea01de2
NAW	NAW-1428	e2a940af55ce5dd0e549c52d4c596c0343e7646f794c8a01e8fa108eccd073fc
NAW	NAW-1429	7564763fc477362cd5a2fa6256c733c929b4efa3a9134a6c5be0a191494d86c8
NAW	NAW-1430	0214c7c42d3d0d2ed9e5e8bcce8f2ac1889016c1c449e98835cc0e0f05201d2f
NAW	NAW-1431	39a74feaa827ea921778f96e07075c7eff13d8b374c9d5073fed360f2cd0bb4b
NAW	NAW-1432	dfa95e7a79778ab29d9368a298e0dc130da190576cdd3cda8e2241e06405c702
NAW	NAW-1433	f28d6331ec590c585e1238bbae1a94561e8800771bb76f046a0ef080419f476d
NAW	NAW-1434	e70dda2b81212d63a9347f1300265f28e0e46ca98712dc75bc9df7bfcf96a1a7
NAW	NAW-1435	c7594dddd3e28929930b87ddac14cf2bae5dae51b61f93b8f36fd94e34c08c6b
NAW	NAW-1436	904a073481839cdc6b5ef7d714bc629e7c1301c26033ea4aec31d3950adc2e82
NAW	NAW-1437	847cb607c33e9b048b612e235ab3c68bf17a7dbde21dd246229111631b266aad
NAW	NAW-1438	4c5f0f07f77933dafa474a114f78de5d13bbe0a34bcfb63095f83a2b6ca8340e
NAW	NAW-1439	2632299e5fdc826d60a792209646b7bfa6ec47b62d2d09ca3058805465922ffd
NAW	NAW-1440	73792a27bd984b92c99cc5a2aacaee2c4131e9d5d538e6404ed9351b961ecb3c
NAW	NAW-1441	beddf899c877be8ec75d212a648f6f9ad568565dba7b6c654650341d05bdf175
NAW	NAW-1442	ad1bd2c28d2a123c9298e45c5ffdea2ff0db6a36e2d5766a7c78e8d5c428fdb9
NAW	NAW-1443	b4ffc989efb3603b44fb6732616c67e89dd835d39749aaa22183d3c1b85154fd
NAW	NAW-1444	08ee3783416b658079bc3752db635eb7df0a09b884d9373165a0504aea49cb73
NAW	NAW-1445	8b4f94646148b2dd0b2a73563225ce3e83c1c3197054e906884d5b4bd60c6f2e
NAW	NAW-1446	3bc8c2152d78bad4c2c1b03948885bac751d3b7a386d9b9fd76cf115fb8cfe79
NAW	NAW-1447	f7b015fdc330d54fd98eb1ec03a07d25e592965e5468939e2a880744dbaa7c25
NAW	NAW-1448	ced3525a735f14b038a9d441aa91f4ceed917f76099dc54a29e72efc131bdddd
NAW	NAW-1449	622d1f8825f378e5a305b29f18b1802583e4227433733fc644a1da5960cce5bc
NAW	NAW-1450	49a5d85a3eff8da573c23de20c8e49913d7249c8bed844b45351b3b2cced298e
NAW	NAW-1451	c01052b1bf94a65543d1690b289c77a217ced4238789c4bf75e6a61e220132d2
NAW	NAW-1452	e71543987c168d8830cb36de0394c32d76eec5968ccc6acb362d62d6873250c9
NAW	NAW-1453	c8eeaa6ef15e87b4c681e0b9fb389f13f72bf213940477b0afb426f4f05b0baa
NAW	NAW-1454	26dff70644827b25c469d1ff2bd63ddc8d5e6c4b33a59d3fb91409c4388eb68f
NAW	NAW-1455	5965df7e874fd6045936795e246a3255050d85504110c6098c75897e5ea77bd5
NAW	NAW-1456	5189109d5c3680cd161130532a88bd5f9fcb6d21c6d5d295cdd790531f79d88d
NAW	NAW-1462	b868ec65e185681cb69c31c34cf2f02f6ba0fe9afa609444bafe91c3698f6894
NAW	NAW-1463	7ce66d79e5ae4e0524ffcaf9ca046063e3644b9ba06f343e2e99a4d99d75d759
NAW	NAW-1464	3dbee3dcc54fd4c2a9c8e898a97ab5fe817f29220df5b0565430ebeba77dbc58
NAW	NAW-1465	293d0bead806272edd839e780dce0f10cdf4b8120a38c84e0abcf64dbd3b964f
NAW	NAW-1506	a8ad0e089c043d4ba731b1cff3a5db014d500270d51770ab51222538e3e39abe
NAW	NAW-1523	fe0ef6ce88a537eefa13e8a1c65eec7ddc862d3a7c2263007c153e0a5bcc1024
NAW	NAW-1524	f40e2bceea7ccf7deec7eaac7cace5ff40130c1e390d49febb7e2c7ba7ae75f0
NAW	NAW-1525	8a9aca1cca36a5c49ae417203ad2d0026d838bc90284990c74e364107aba4c64
NAW	NAW-1526	d2e002d14892308b746ffba3a04e9be4c975768d76ddabb3f181a9a45ef8690e
NAW	NAW-1527	a07608657298f86f78f849c1a46fa6f0aaf662f9af3468e697cd72c2e8e62916
NAW	NAW-1528	200f9b2177b8d456cf7b33f5561188e5d317142999eac82a40f7f24a9027930c
NAW	NAW-1535	f1162bf26918e8ea90c6384d1d80a215a067275fdc75b64827729debe7aaa6e4
NAW	NAW-1536	3ccb15b1b651e59030e77198c4764d263d1bb8c973f4ce9d7f5123cb2b7cf7d0
NAW	NAW-1537	fc3d4d091ca1b8d773b073aff24ac14f4e04d2d9ad5a7d418ea99c2f64fb457c
NAW	NAW-1538	1a8c3f712226156e898e647216a9b9a9446a5b7a70c8948bf6acb792b08b87ce
NAW	NAW-1539	c4faff0a8a0fa4568369e0cff442474eca905b0f98140c2b5fc354dc6eb4bc23
NAW	NAW-1546	aaac0de6d4b6f63d7c1e51fc47f64eca4640777bc11869c9418a763ab1071b0c
NAW	NAW-1547	c902fbaf8857c74b27f2e278148ac6fa20c503e25da9f0057eee0a1bd1842362
NAW	NAW-1548	b9ad5137a62cb7ca47f2ae79aa35dfd312031e64214450f878a413e369c711a5
NAW	NAW-1549	dc568048d2c3dd84d99a09d2752ee7bb69d3792213cd47fa1d8f88d315f9d6a0
NAW	NAW-1550	048fe536146be92ccd99e67bfe3f644907876be9d29ec5501ab153ed4f8a1e1f
NAW	NAW-1551	0aa31fe1c969a46b21593c5be1021128588bda87d0ba69187d069754832ec259
NAW	NAW-1552	def8a98597bf3fb66df12842a3edba05d6cf5cfa92f260ee7f06b54508b9d467
NAW	NAW-1553	f2f2976abac8cf417a3c53844d882899298fb3c81a6a3aa3b240de6e7e57fb5e
NAW	NAW-1554	d32ca8ab25b3ee4d9803b95ac5045c02aa8a8da27a4902e42e9a8384a627bb96
NAW	NAW-1555	95c4b1834e9431348d7980212123513d23b192d62accf75ab17875ad8517f47b
NAW	NAW-1556	0d1cc3edd53631c1520c34a19116fd47dd07d6cdab043ec8a838474dc585c001
NAW	NAW-1557	bf640f35bec2710927126b13977c701faf07b508ff84c8137948d7bd253fc86b
NAW	NAW-1558	23c80effae845d600d98fe160a804ae6047449d718fbf247d8e40fba3e70f9a7
NAW	NAW-1559	251616a8fe5887be19818361a4b80b97d75770976bf4d9875f6e81084a156406
NAW	NAW-1560	f54070fe29ef3f5985fe350a0d4be8ee8a5abd977b4bcdfed5799ef0f39def18
NAW	NAW-1561	2febd6139c153976b6824c4ba17998ade5cd2ec8519bc274d291ad3f9eb7f9e7
NAW	NAW-1562	d1fa85718054c5c37f2d8e9257e098fb6200c741e4960efe10ecae46d26beafb
NAW	NAW-1563	998ee72267c4e21551e53985d0c803c1d61c85137a53d613f9eaee9e28de8a12
NAW	NAW-1564	9be6575006d67c3c7992c91c2685a6b624cf1276bf5b36619fdc4a4aa5895024
NAW	NAW-1565	e7fe327b3631917c41c9c69db2669cbed6bd00799ab5e90c302bb8720b207fb2
NAW	NAW-1566	7b19e903d60a61bf842706e864e9b53b79fccd8db1dbf47a9225e28e6d2712d4
NAW	NAW-1567	d4c9540029b992a85dbb9f0ac454c857d87bcef0011ec65ff0983743c47b3d50
NAW	NAW-1568	f4d3e8b866d023ec6eb77facbd1f83b1f7db3081cab8dae091554bf1c0d452dd
NAW	NAW-1569	3a85f50556c51fbe7c5e99d76aca3770c6439b48057a1cc17e893897861c25a9
NAW	NAW-1570	c4c39984d07821fcffd1a1ac51ecb97925b6194d6b018eafd0c94e1eb09873d8
NAW	NAW-1571	a11d19834456270cc299c4c51ed50e180eafd6194a18a5b41009f77b40c44b40
NAW	NAW-1572	5db873c56108b7988de39f70e882b134a3751974a673ab85049e0f71ea4f2abb
NAW	NAW-1573	bdfa037758179d503547ef3a2eadbcce5c1b03a4f3f37172497df44f6c982945
NAW	NAW-1574	487dd304f53625246f2918667f74997a5e17dad6ae188334a5890070cb3c611c
NAW	NAW-1575	7ac480d529ae6a12bc1f16032d2020938cc5613b4646bf3184785d840cf4dc73
NAW	NAW-1576	940c46cac1672f3d5fe9d45ec2037cfe7aa4c1a46588736afea52cd849ea1b5a
NAW	NAW-1577	bf757e4dc0545455f71520a02a56bccc5841505fb00e7e033c8be75e9a514d3b
NAW	NAW-1578	3aeb3fa2c235fb9af4b2e0d1ccc465f0438165dc8375cc02ede27e8a8fe34872
NAW	NAW-1580	aab5e8f3c1c66923634e6aea6de4820a2db74632dacece7678486c3002e1f8a1
NAW	NAW-1581	d1f2f951506b5e0c0bc2aa44ef6807e456d116a011dd5f7e36ac1581b29c655a
NAW	NAW-1582	e737a82152030e5cb3b6a1ed5c1c6800deba69adbe6b5e90dfecc05f49d73535
NAW	NAW-1583	50eaf0bdfac197ae759c428fb997421e7f1e345382d1af9477843a6666ada05c
NAW	NAW-1584	1280c4a1ca743fb3c46446fdebc1f6764da9431525c9e160fe3491c80cfa17c7
NAW	NAW-1585	8863e4a17f10d8147ac25eca297c2cfa8f757dcba270fdf6395e6135037bd16d
NAW	NAW-1586	a525c423704f38ed91585b8a7c376a308734b957d4ced8aaf76d5ba144a28866
NAW	NAW-1587	369ff0d53d112c2e45c44e328ab8ddf9a6fbb8ce3a0ff3ff31e4c94f7d5b5bd6
NAW	NAW-1588	a613bc56015024d6f3995f3d77c97a28b44d3668091ea4d50cc55d1e7d2f998f
NAW	NAW-1589	8e8beca99f73978f32cc0ea6416be5ac0a45d208e04354ed4c3c83752dbf4fd2
NAW	NAW-1590	6708e2ba91f9bfaee62682ab80d9facac806262f140289a14141915a0c876e57
NAW	NAW-1591	8113d80b5f665f7f1a14073d3778aa8412ff47feee23444baab0b4de515799d8
NAW	NAW-1592	e70e3dbbca025e1c61e6af32cb27f048f63c4b4802bb1491e957368ba0f3e8d5
NAW	NAW-1593	85987ada8c835bde15b8119b76f789b5bb70df8af5f2c74b4d8832ac77d300a0
NAW	NAW-1594	ebb8c12cbcc7a66625c190faaffcd731c64c2f753ed40e6266359a262f1da994
NAW	NAW-1595	9a4c8606d5f64d7a2aef0fd6ca9a66c05438a1231579e09e9ca64a55e0243f61
NAW	NAW-1596	8cf72de04bea125691003883d7020346dc59203f26e7411ad56b11e85e9424e6
NAW	NAW-1597	a479b3c2a877bb8e5a942c726c05d810c5b68691bb4b544ef7d53d9ea0099f0a
NAW	NAW-1598	22490266b14da7bfb73b808f27f247d4a7b843b73aa1815e305147c3897afd10
NAW	NAW-1599	9d1fa6dd14ac2dfea0b4645ccc535ee99db1300faed5a917fee04326514367e9
NAW	NAW-1600	2ca84b8d2408c3f3d95060b95c10f43facbffe374a83063ca8ccdac811cd0440
NAW	NAW-1601	6c022846235fd1d0ddc0683e481855f1df16fa344c29a14147a56c7b802fb682
NAW	NAW-1602	1f7dcee96702232526a2f21b453d2d499624cb80671db4dea9fa698ee9180db0
NAW	NAW-1603	e2ba14be4d9db60291c60a45b96ac1d9c705c427e0a6a432782c472c7be1238f
NAW	NAW-1604	dc404f1d4ac4763d95a12bfebe97c504af75c2a9c199e422f31fad51238ca56a
NAW	NAW-1605	04f33a3bb75d93664b1fc97d2eecae3283316b060945254fae19039ade5648a6
NAW	NAW-1606	1f34bff89ae9aa41abfb82575f59708fa667a493c3668ed1029594f4ef0ef07c
NAW	NAW-1607	355c860ff7a16998be82c34dc6ed89e9427b25f1e957db7192896ddb4c9bc379
NAW	NAW-1608	7464f7b4dbba500e81984cae9d363e0b111fc907dda3f40e8d90bcdf1ffc55ed
NAW	NAW-1609	c0cd40bb88a868f6c8fa6989c839524a9dd851044547ff2d3ea81e6052e47782
NAW	NAW-1610	9cf38b0435313940b71defe161ce4cb59aa4113ae7ce75503ab8979145cc1207
NAW	NAW-1611	e6b4cf8d49328624dc10492fa709c13a4fee11c033c7ac3626e0a7992effb99e
NAW	NAW-1612	3eceb01cb7e2c70c0502ab32703bd0442ee213d3496a965fba4ca6a9c67fc31f
NAW	NAW-1613	4e4f44aa156cdc58983aea69fec6eca44216caeb6fd2bbaf5e9c95ea6780c629
NAW	NAW-1614	e707e618ee6eec5b623076f198c6bcf08d54f8ddc31ea99a5b9b5c8819b55655
NAW	NAW-1615	f5da029d24587a4b75a70d5674a6d341621c8428ab2fd21af9b8959ab7a5ec2d
NAW	NAW-1616	bdff2fcd0747a7d75500cfa1ae1b58d42d09f2e10f57fa1842a82a9c72fff930
NAW	NAW-1653	4327367bdba3d4b5840a92b26636259202db7594008c5313f9ff74d81d530446
NAW	NAW-1654	7fd521d699dde53dd8a1b95724407389788821953b18752fa817cf551b9165dd
NAW	NAW-1688	f6bffdc8166de9ab946f5d22d49c95c99ba45601402e7dd3ef363e85668ae81b
NAW	NAW-1689	83460d1a25c296b4a9261a73f55e8b0049dfb1d91573c1612f670a66ff017792
NAW	NAW-1690	f1e8f55a3c9a77896e6541e768a8ac8fa1f4a6c8bc50ae18aebd0ebef7ef93a3
NAW	NAW-1691	6e5a6e954f0e5bc9f2924b293dcb2ca78d91d553895b06513fb061e498d9c626
NAW	NAW-1692	d03b8225b0fdeb5ef787891cfa5af191377ee244c46ce53c4e34fec2dd080393
NAW	NAW-1698	7fcd8a22a74af4a7158cca06574818c0b79a19ce50562b5ebbc0054e7bb7877d
NAW	NAW-1699	47d46f80bacfc278f44a00141f9087162f0eed65b1beac602411b8b2888bb170
NAW	NAW-1700	4a36814d0d754b169f057a7c9deb9e422b981c227866dede5b972a476c76fc47
NAW	NAW-1701	2789e7ec2bf721f130e400417aa346139698cdcd69788278af6beded06be609b
NAW	NAW-1706	0d1a0b824724300dd0990454117865bfc6a51d5ee1e79d24ac8bfe8e0d70e09f
NAW	NAW-1707	df1b69eb8efc29732e42dc0ce7a27621a3f30acc183645d597550a10dcdb4593
NAW	NAW-1710	8a400f110962836ca375f62a17b08a8d8d39e87f757694bac0609bb280004f02
NAW	NAW-1711	155184b05ed2919ea29ab2567b90958029223ea91c9cc1c20d1b3ddd6fb967e5
NAW	NAW-1712	9017701e0eaae0eeb895359d71550da7498b0affd6d90ad01fae627ba1d37c3d
NAW	NAW-1713	3fbc847336987e2149f35430b6f93535b573a0ea2449f3f997274e0fb354c57b
NAW	NAW-1714	076b02aff17d120150ce1bff2afad482593542d6acd0045a26fddb42fb3672ac
NAW	NAW-1715	2d43a1775f160470e6a4fcfa68a3cc3cae73a04503644e3001fb298333f9d815
NAW	NAW-1716	1496b78195c6dc0a3f210adfc491af81d53b51d893809a4fd0eb9d6bb9bec00f
NAW	NAW-1724	2d83933bdc602055d67b26174ea8877d28f43667b7fa376e1fdef90296c1301a
NAW	NAW-1725	062e6780edaa7701fa5716b9293f6b9b82fce4fa87a7d9fe52c89669928cbbab
NAW	NAW-1726	fdfef853f4adb47b2eeba0e314fa9947dbb231559d5fe6c8bb89dead4e582c3c
NAW	NAW-1727	71f3979137528c29f0eb68b553e5229f20230dce0ecc3ac379f025ef561c3d6b
NAW	NAW-1728	a6202cbeefab60b868547a89efd1fb6c0e56bf491773c9230c5397bcfb8f4579
NAW	NAW-1729	21eb18635edc38ed4b86095f1075461dae33a1c5dcc6e8fb7273f3d87f8864be
NAW	NAW-1730	c432349b21c82c9c3adcfd6260452629bb5b90d0d59a2d39dd386f66c3a4b818
NAW	NAW-1731	d4142269d2e172a5d88eebd32aab8d52084e0708e7df70bc0cb0d9bad011d12b
NAW	NAW-1732	c09b5ae8315b7ef1a1ff6d78e942d1a3989bb953e8af9c69996e0cf5de852020
NAW	NAW-1733	127e89f7fd4710e6a653ebcef83171c11c31dac587c7a0f6d8e0d3f18dec3e34
NAW	NAW-1734	8000376e90571d756a85f05e238d237981bcfdd83f37070129a51828ed01a0ac
NAW	NAW-1735	c1360855d5a0e22da5b06f4ba2c9361def17b869e1372072cd147b0a7b80ad62
NAW	NAW-1736	394df23c35ca66a0c9614ef00bc1447de8e0d77849f4d5bb9faadde8deba8669
NAW	NAW-1737	937f5115fabaf42d31a2d694ce802e1554ff9b1edb43f9dc308d92eb2c9a8a39
NAW	NAW-1738	d4b4b48f0efa0364649df50a14cf6ba3b3fc52a010a9fdac81dc28d55e5c2574
NAW	NAW-1739	fd125ff7ac8314f33f38dba23a89673cfab8ea711edf36b7f8edfdfd57985fe3
NAW	NAW-1740	140a3e750cb4d408732d19979c2cfb5d719b479b5e5d280413c8f44ac4e88841
NAW	NAW-1758	bc3e9121f5dafb9990d0655ba356007102d25c4884dc2dbc64a8c073694192ea
NAW	NAW-1759	56bd89af354a7dc66e4cd27d238353782cb17337460bab69f3740e1f472abacb
NAW	NAW-1762	d4ee7e84f98809ef17e49c986d7b638b116129dc77f4d01927e6ee3295b82a17
NAW	NAW-1763	3ecd6323f4a619f1d4b4b456e4e2cdd4a990b712ec9f2b6ff078a006153992d3
NAW	NAW-1764	f880b6fc3535d0163946c4380c570443de1a45f5942d1aabac84e32ce9482b45
NAW	NAW-1765	f54c01c4fff1f76c2f1caa9e30f71d5c8e8fbc72e71d872bc610dd5f62c07e02
NAW	NAW-1766	a07bdc93b13b5f92f775ed39c8675a3fcec80b011b39852cdf57ddc1fb6c7287
NAW	NAW-1767	a76e7237122be4f508168efe040e657fc9d050b1d696292b97a4d431aad4a9d9
NAW	NAW-1768	260fd12424e1ff3a7c0631b1c6724902b9647b914fd137361f5381da4067a67e
NAW	NAW-1769	bf3be701b59b8d67e4e753f8e7bc00e2526b47c52597e6153544a1a1e97acb3b
NAW	NAW-1770	1b1715fcbff8bb04bd0a104cc842c3544a1ec2bec2a386638724cd98198874f2
NAW	NAW-1780	2d02aa3d270bd5e164ca2590e66f8b684abe249830a778ce262ed30f069b8f38
NAW	NAW-1781	3763bf03c21c130f2ec20c1a3fe7d2a0e5ce507f99ca213eb0f20e2c49daf071
NAW	NAW-1782	87adbb2ca5ea50c576005830b5796305255b01ba96c36c410ff0cdd234f2e61e
NAW	NAW-1783	e74efdc709c1c7ce786d05b9427241ddf9bf39de563ffe77ddb2bbeb360b2744
NAW	NAW-1784	cfaa9cb42ac03e769c738ba2649159180e955930f97fb57cc48889de6676fc20
NAW	NAW-1790	74feecbc1c06833c0c2223abe357400e801934b5e02cab026aef17d8c915ab0a
NAW	NAW-1791	62c364065b58d0152f73d1ee06f7023d248220687c4cfd5d8b0bcc8e6e35c2d5
NAW	NAW-1792	d0a4c70dd1e244af3277fc70961b2349a001caba4e7d66de30c7ffbd0dcc375e
NAW	NAW-1799	11f47c9811ad240f5cb8522f464c5d2fc43bcb0446c407adc92ed734bc487cbc
NAW	NAW-1800	d848e361e6244c6fcc28aaa3bf1f74d5708f55969d43c2f7794c6677b5d4bda9
NAW	NAW-1801	ed621c85804add38c71bd0b43ba045ced1f2ff9a22070f047182e70dcd89d713
NAW	NAW-1802	277612d61860e424877797a6a08d77fdd8960649f1f94ac5d8c5ce89709cd2d2
NAW	NAW-1807	44df5daa25cf9a8440831825e1e1d02acf21c12cb1337e5ff74ab81ff3250c68
NAW	NAW-1808	6a8ecc6406edcfeaed9772664d6deb0b954a0f9384d349c3294cb1d2dd57127f
NAW	NAW-1809	3e2312163bc718340cd203372e017111cce66062d9c2591c28781ae15c0e2c7a
NAW	NAW-1810	5ef12250b393e420ae1f67ee405957b1f4012213d60ca4b69ca965a49b8a5f8b
NAW	NAW-1811	71baf87ba2ef63af28007db0489dd2264e983333527812e6c3256afe0f5aa04b
NAW	NAW-1812	96bb34c4583fea293450586d397e82dccc20b0d94eb5b71b33a3aa9825264cbc
NAW	NAW-1819	d95ac18bf889a90ac98ff9a06b6ad13a32a894f734903d3325a466939859b922
NAW	NAW-1820	79c492897364f88823819402fb8ab6f635027a68e8a2689de9c5353f7660e2d5
NAW	NAW-1821	7881080fcbd1df86b91533cf49fd5f4bacc4a1666fd9f28bb6777396fe6645d5
NAW	NAW-1822	34c26638892d10951be31a5f8dc0aab65204bf35ba487f9aa930158fc9626952
NAW	NAW-1823	4306ccc922905c00736193315a9b71e599a4901aa8dd9e5bc3fbea8372716486
NAW	NAW-1824	11c5777f99e48776f9e5029d28fe19f6db7e9196cd1f7e6937a5dfe3dfab84cb
NAW	NAW-1825	57e6ca0ae0f4abecc79639d6823edd620b7fa29fd043d834f01e3a9d47a7518d
NAW	NAW-1827	12df58aea2e8892217432dfe55a72c6276573e3d6475c6f9233dc155d64c6a86
NAW	NAW-1828	f2b7064361f70fa92130ca02f58f051c912213bda1af98b665be1a6022995e33
NAW	NAW-1829	1ae7d236dc845d74d54c3e76559c21091bbdc73191720d4edbe0e0bcdde083fb
NAW	NAW-1830	91d0628aaf2cb296cd894a0a48c75453583f691da6888af61fefe5db08d92435
NAW	NAW-1831	32696c504715ea979e517fbb49247ac891a07f9f4ea199791d85f6196fb17bf7
NAW	NAW-1832	5958b8e42bf62b057a8acd07e4ff103cc352effc3edd76fbdf2267c266cdb88f
NAW	NAW-1833	a9e9ad68a317627e79cb7a8564961f2be59289bf39c94de20cfa69595cb76a2a
NAW	NAW-1837	47f08d163529a25f614723503e3ec439eb8cd96686ac475d4bf08aec856dbf50
NAW	NAW-1839	80687a138eccea01543efcdf48b2ae5642eccc242720928bc12615cf5bb95fe7
NAW	NAW-1840	6e62e268b5966c24f1c6f60cbfd4902c5b7d17201e7a96b6a7c503dff502eeb0
NAW	NAW-1841	6ddb41ed8dc7bbefe37dc0545543619d493fb4cf11318e589cfb1f1bdf5e320f
NAW	NAW-1842	b30d9a53aad4705e4b229daf00edad9e5d027486078072b932ce0fda00954e20
NAW	NAW-1843	5c78c74ff54ae3fd1fd836d46d4733234e3a8945d42ccb9f865757fb4ec5bb49
NAW	NAW-1844	0651c674b4dfbd6e0be41014f71ba498552e53c2244171dad67fd815f932c6ae
NAW	NAW-1845	97071b6d280dc1330f370c0c57df7f3c7b6e33afe955bec9807a2025ef0b39e5
NAW	NAW-1846	bd344ea97b01c1bc008ead6963bf4d39d43d4e909165520c5bfc56b210c4307d
NAW	NAW-1847	cc2ace795e05962cc634e5db1badb81034876f842caca401620906c35962b53b
NAW	NAW-1848	0e232d98dce775bb820f6a9ec16ca81d14efaeacd0e7460f30c540b0ab236eee
NAW	NAW-1849	97f9cb9b5e15721e549c70d9a4cc8c9a3b687c9de64f4c39feeef0f03c6c248c
NAW	NAW-1850	10eaa0e4a7c3df7c53a9d4a04c0cf00d0e0b1e1e2aae4dfbfc2c9e24ae88abeb
NAW	NAW-1851	241de9b6a06e248e889e897666439d05ddd5ac6bba97f0f7ad27bb7d872c14fb
NAW	NAW-1852	220b320d75d86fe00dc69261b11434f04653578d0e82bd8c7d2a8330654008cb
NAW	NAW-1853	0aacf95d7b46b2029e1be3476f02d8f05d1fadb97582347a53dd92dfb2f9ca4d
NAW	NAW-1854	d2bd27bd6a57f11e8a4600ac78c4aa2000b25e5445c4d57e422247e4fe73169a
NAW	NAW-1855	fc77aec00a4333f55e40b892018bfa2f653d404b92d6426c970e1ac4197de589
NAW	NAW-1856	bb1ca731a048662f277dfa80940e4dfa5a6a23fa610babff0298085508abb1d5
NAW	NAW-1857	38230209dd929fc8933a934f95440415a52e56b86342db4406cd1fb40f4b7d86
NAW	NAW-1859	11e17b51cf934ca1f1b67037166b31ab214d29eaa48f603c094f66c97dace803
NAW	NAW-1860	d835a33e9b28a12cae5244a29de4535e6f5bde1f61ed67c89d425ef58fbc445d
NAW	NAW-1861	bcb002f8d9641dbae03164ee315b7bc34403abcd7a353203bc2eeeb5d71928c1
NAW	NAW-1862	620e95713271aee268708b3f39c671d54ad1117acac60d71a4cdff21ad26a4e7
NAW	NAW-1863	d29474e3e82eba67fb8a5b5b0d90ae08e283d8eaf059fd0812ade96f64fe1b21
NAW	NAW-1864	eb422a7e74f408865f906483c65b6dcfb63b70b41a8aea831e9bc53c02212dc6
NAW	NAW-1865	39d1050ffe005caacf6381725ccb07a2c314b1b9fc708de2b45663a7dac19850
NAW	NAW-1867	20f053130702ad6475b13a81feae6b121217e7b61d940c34c7392a944bbaaad5
NAW	NAW-1868	9a3815f090811438321e0e52996f750814fc1b30ed23b0c5e01dd3ca5581f992
NAW	NAW-1869	dbdaadb751ec728b45cb10517c2eea4d31122c94b4b5e2f53e8b760f83aa65e9
NAW	NAW-1870	f49273f4399693cd5695e940a43eae65482e9c3bf3d53e1961a1ef711f26cdc5
NAW	NAW-1871	1186bebabe57d5978bdebc1d27095f9b5f93b4187da93dd46a38171f03e52fa5
NAW	NAW-1872	f6e36f0978db098b8adb9d498642ceca6b0435dd1a22d2d208220a3f940938ac
NAW	NAW-1873	1487b87484fc9a504dea7f0328405b56b5c8bfe71288ba323cec6d3afcb9aea9
NAW	NAW-1874	0d14e705880fcb34bc0e770036b6c79ae1e78dcb012a91bb83ed4ff0e4b8039f
NAW	NAW-1875	5e82af798e7eed4b01a0d8a347426dfbf8232a212b50313e76a2bbb91b9e8c8b
NAW	NAW-1876	9cf57f877990a5658edfc127b5247045c52a3f35c396353fca829545b4a95fc1
NAW	NAW-1877	ae9fcc2d595ed5f75c4c044efed8f5cfa22a5335d207fc2af9f33f198815a090
NAW	NAW-1878	1326e39570ae9fcb0d28f4b82f8fe1f319159ad1d838dfdc4d3967b0cc41c2ff
NAW	NAW-1879	747414ef794710a68c276098d378ea8261c693a0dc23b3f677f6b7b03cb06356
NAW	NAW-1880	53f110cb0ef96d63a9215204080f2d2a2c34d18f65da5105f6564c7082a1dedc
NAW	NAW-1881	569d732c34fb59479c31139e1d91e969908921860319f00c87d5ff87c2de0e39
NAW	NAW-1882	adf98bfae2e1e912d39813f31b7c3a71f16eb3c8cd33671f9602b99848c6e05e
NAW	NAW-1883	da7aa1e47490ccd566c7fc9369a1f95bed9ffe0eb2d4135f9e0407b9b3fb0521
NAW	NAW-1884	ef75fe2cb4b50d063338aea75f04a266f023dfb1dfbfcc5bef8ee82aa1063c9e
NAW	NAW-1885	6b4974b545908a9733522c39621fe06bfc635983db9668e9665341fab63dab7c
NAW	NAW-1886	c1797bf22696260406ad0633ed4dc51b6ff423ede54f9dfdfbd912481684aedb
NAW	NAW-1887	6f664e3010e30cfa56c6d49d68a0ccc74c479c77bb9ae1fe7aba4d40ce480b17
NAW	NAW-1888	3fcdae542ed6215425be5300964fac4db2f1acf970989cbb9547ad2277746ed0
NAW	NAW-1889	4600ed758e0ee0f38b9f9692d884cef339216483ef7f5f3dd6e898c2e1224341
NAW	NAW-1890	446b6f4798a725d6f655e1b813c17b0586678b81b7040fe71aefdf357552e83e
NAW	NAW-1891	e26ccde75136e6d1608cfa28af2ea9170a5809b17e14203ca5228bf305f4aef5
NAW	NAW-1892	ecdc7c48f604d5a929c312da558765733daa272593f078e91ec82a4826f2f1dc
NAW	NAW-1914	020376e594a6f9cccfd0b10d80a978f99c07d8f05d5cd70dbbcea37a84ed5b9e
NAW	NAW-1915	446132f0d5eab84cf29781377466462b853c6802edebfd9957607ddc30416a21
NAW	NAW-1916	bc0743759367ff7e9a889e1900454e3ae158b8c68ae66147dd43e512f35132ca
NAW	NAW-1917	e9ed04e678e2e7a3bd1b7f7060822421f9d76715f67dd180ea2c5495ffaf5c6f
NAW	NAW-1918	0aa241929ee26995835b8134e5030ca7ef35fd82c607e99315e49ae50fa9c2d8
NAW	NAW-1919	42bb533e43d3125a17077496c94cd3714269ed25b07da645accced045cd948f6
NAW	NAW-1920	a2a26505c3199ec718f2b40d25097af891c933126579fa47083f421f420c59d2
NAW	NAW-1921	07b4c94151a02e13c59ba5e925261138c9e952d458b59e64596c61468aae6f5a
NAW	NAW-1922	72c4a2a1d16ddc25ca291e4aa966eae3bbc5c5d53404620a43490f823a1ae17d
NAW	NAW-1923	e93f594069e8257a11406816dbe465b5ac31c4af99c4010051d06f9a39555551
NAW	NAW-1924	022cc500572c88519e1278f244e35017507d1720ba89851acdb57e630c5c4523
NAW	NAW-1925	27bbd94b41b60bf9dfa6e9c348b8368adaa8c19c169a390b52bc6a4182068508
NAW	NAW-1926	abf0f0a8bc05da3397c671a8a226d93e8c386cdce0da27be34967acab5c286bb
NAW	NAW-1927	d9794878061e81ff06f00c6a8dbc1398a832fa2b9a8892af6679021ff67166ae
NAW	NAW-1928	b6f323d95bf82c175f6fbf746b1d6a8faf4bc0505da3ffac10b4ac7446d3bff9
NAW	NAW-1929	c0c1dea40f0bdcf9d14393a4462de8f2c0fb23bbe3fd5478da429f3526f80dab
NAW	NAW-1930	a3815e3529f7b863f24aae73c34613283e9fae705c43f6b8dfd057f8cd796bd6
NAW	NAW-1931	f9aa506f79948f98fd3af94a4023716d396c4652c1b4df15c4d9bf3bcfa05dee
NAW	NAW-1932	1cd21182993912105ba2694ce3654a6f3ccc380248006c8d8db83812d47d0671
NAW	NAW-1933	5add77ea5a4819bf23c1636d76d774594adfd503c7d829eec4dc87b975d9ef94
NAW	NAW-1934	2a2057bef87d8e3d93bfc82549995b8f5025cfeab86c2299084e51bcc3e5d733
NAW	NAW-1935	6dce6708c8e30176fe7fd5b6e6aefdd779243e10ac918831eff02f997b134d05
NAW	NAW-1936	df392757c2610a544be7d3d67639c3083e54e163cb6f3c5d1e499ffdf7e4c700
NAW	NAW-1937	802c42dd92f39cddae4442410cb022cca84fab72d55177db1166964363fc44ce
NAW	NAW-1938	5ef64f24b02fca4342a7d6aea85af4981a6bf91b0d6d8f426af5881bfffadd8d
NAW	NAW-1939	da7fcfefdfe38888fdd24433c63f26e72577b4cd3b70476242d0927d55a173e0
NAW	NAW-1940	c74aed999e720ae17308eed393ae9227dd204b1e327309653cb5b985bb413d2f
NAW	NAW-1941	2ebc699471fea80dbef9c720941666788fd5efe4a33d6f65338377d1b8b63d61
NAW	NAW-1942	cea621a2f7e01258f40467f48f9c27fa8b814b1d443c834ad81cf4560437346d
NAW	NAW-1943	4057e03587f7cc4f6aaa523b5063279296202bf92fde803f7a614718aedf0179
NAW	NAW-1944	1221013a67c0716381c8d4915775a113c6e4fe65058398015a65af24956cdd7b
NAW	NAW-1945	25e889a52d1844dfaf902dc094dea96b25c3458b05c5ec2a4ad5f3328e4f4b52
NAW	NAW-1946	8aa8330a4b439433f12e3810dcd7da5cc5944aef37a02d7f486e5fa92d9383a9
NAW	NAW-1947	1ac3bc33ec7cd32e9c181ee6e030c61a8990e38186500867e6792818a0dd58fc
NAW	NAW-1948	645240cf3f64fb2a8f6489040990ae0848f7f4ed012c8faaee26323cb9a6a900
NAW	NAW-1949	304905b938997f99ffd716f26e339a78caf548d1b606df3972811d8ff753460c
NAW	NAW-1950	fd75e5efe32be3232640f0129dbdf3fec28ff8dafdf7e92257dd172c4088edb3
NAW	NAW-1951	14284544fe452456e3aa9f187da97d1150f74ddbe4daf26f58fc951683be8f73
NAW	NAW-1952	f1a7de1e2fe1499db7d92081d8430ec97c2bc8e8a6bf704b5bfac3c08847f3ce
NAW	NAW-1953	c54cb9f847a818b3f93ca3b26a822b652dac4e6389acf994b04101baf93867d8
NAW	NAW-1954	d5e4718a57a3b2280c262e873a96d41ba408f47c8f6f1c0263f272b65df82ffc
NAW	NAW-1955	0b6ed31153336b0bc16eb9875a0431991251641aa8cfabc0128bafa5561d9e91
NAW	NAW-1956	252cc66b28d7665b64a917c0758aa32a522d4f7b238f54c832fbc2b01662fb3f
NAW	NAW-1957	d124450d4e93cb040d1255a3330596f2a12b26772799aa3e263d3a940530cef0
NAW	NAW-1958	477782110da08dbff1699d80e3139606eb73f4f075a99fd7f7179d1712acc68d
NAW	NAW-1959	e89d17f3e8afc3ebabc530821745b11b4baea56bce4e8db132cd2f78b557c51c
NAW	NAW-2005	7e8bcb0ce7dea6a9e86dcbf27ea67f80349ba01ff01ba2a413f0af8b7db19743
NAW	NAW-2006	5d51130ebe31de9a1e8616008b2926cc3dc02352bda0701628ae63a4ae05d511
NAW	NAW-2007	4fbd5aa9b110b4ebbd6756327f827c9cf13baef28969b32c1e536264bc014271
NAW	NAW-2008	db8dd2f2a0beca85ed1f2f9f8add36c8e2e176be007d6067bfe9645570e0dc17
NAW	NAW-2009	83b3b6d0e6d8dd18616b4f07a90a3e27089afd1960d58cc16b298f097080a707
NAW	NAW-2010	79a03fb16d7f46ab0c7f659277661695a52d3213e086ec3bb6b30a3f8d9afcb2
NAW	NAW-2011	af048959494f1f1ecdb2a9f3afb6a9e431e0f752c7551abac819e6125207e092
NAW	NAW-2012	b7b3afec7bfc7ae544064735f29389b6cbce09d0edd7774474e84e1b504a1c88
NAW	NAW-2013	c832f9c46746636c97b654190d7734f2a066bc277d9af4abf71cdb27592ba0c9
NAW	NAW-2014	ec4d43a994967c4e996f503a28851ef7b49ab098561d7cfa315b921a4a0be3ac
NAW	NAW-2015	56029532359bb0f380f664c49de3ed9e070e88610017ebaf754f64a850723fc8
NAW	NAW-2016	7f5c6efe30fba34d857ce693789bdcf7e3448cdfa0b3ca16a280244bad31cd38
NAW	NAW-2017	f20fc5874e12dc653bb6d80ab64d539a15d6ecf1821a07a30183b0788fc3bc08
NAW	NAW-2018	c0dae1ce9aa3dcdb83de0e1611562bcf67543095ed5f0c1e7a014d5651dc6254
NAW	NAW-2019	423e0ecd70af40646298fed7eb1912a3c5b520f65521fa66077968df75cbc8f7
NAW	NAW-2020	803a1c9826f71fe1504ece68e31d86e17a611128b5f1dff507a4f711b1ea5987
NAW	NAW-2021	70ee0b2fafc5f7783a6b79f19f0e5dc42d8eb42ebdbf4125e773427ba98f16ae
NAW	NAW-2022	04ea2616b7a004234d3fa24b154832569b3a8dede5395726483e8e3f4bc2b065
NAW	NAW-2023	cd926788d79be0c09995ff77e15c02d8f4d520f3039a045368ad84de1d9078fa
NAW	NAW-2024	fa9bb0130fc142e606ea15dc87e43a01d9b568990e8b92172cc46005c80f07cb
NAW	NAW-2025	03b0189d7956c8691fbc3323e8de041de37095a8777f04545715a5be1236e509
NAW	NAW-2026	8dbd292966c1f3b35a4f460172ed40cac2a5a465f02e8d265cae21261758b92d
NAW	NAW-2027	2db443313e6ae9295a63682bdb9965e4e56c1d82513c39036aa081c11aa7003b
NAW	NAW-2028	f6e48ffa0d84ff13b5d5e6d18a827589dae7eb100a46d05226b4bfe286d39652
NAW	NAW-2029	1e9184051fa75ef36e9ef9add42b818ba04324c888131aeb062ad852cf4c74e7
NAW	NAW-2030	b6ccfbd46638017f7da5766e9293da939adc9e187a78ddbbe11ba4c03b2697e8
NAW	NAW-2031	ab104e7e5b252d982c864930c938eb3236a94f0c2877459a0644250cf1e4471d
NAW	NAW-2032	5e72f3b1fcd2f1cd410b084bca5cbfea128f14eca08029bbee37a0f230ed9682
NAW	NAW-2033	0b4e267018f0a323a8cb12807af9fbd62869b8a5c8bedfd3097391abc7422287
NAW	NAW-2034	86b2b1fe6c57aab5a371aa808bd495402b81826e778ac4f68baceea9819f5e5a
NAW	NAW-2035	a64f1e0bfec9adbc607c71cefa6d1c25bbe462a969a3c6933395b66266792629
NAW	NAW-2036	170d536f6cee3f4dcaf00453d059eef981fa186dfbf127533e135e9a043bbaab
NAW	NAW-2037	0352f591b231a12be383ce678fdd92952e6ab759576d223ced652722e1f764ac
NAW	NAW-2038	e94f919280c0fb94915ac6f6b07edc12e5e07683dc680d937ebc6361dd36aacd
NAW	NAW-2039	dff4fed2afd9d91e3b323f33def1d7258f00180cd802de3591376e3df2982844
NAW	NAW-2040	ef3e5a463d082adf0df30e75818f6cbbcd42089210975da26708f0f2d97748c4
NAW	NAW-2041	0ecc83ff5c3a4425c87bdaa25a690ea90224df7d387bf884c6865053a1b21c28
NAW	NAW-2042	8a13d9bb8c1c30cd51bf10dd40d9fd9af3737b808df54eb5df8fc08771427739
NAW	NAW-2043	d3a84dcd86803448f45a9f33ccad374e3adf223e9d772bd1ccc2e692a3b4341d
NAW	NAW-2044	01067c02fa694ffa263841d490e59483ab27fdd2d33ac370250b4923f49538b4
NAW	NAW-2045	fdc096f913c0c15f91d420ad858af6cb29f3277b3f67445104ed0dbe3fca64ba
NAW	NAW-2046	b2c8da56d4d6a2ef493d9af3fd50f703dee2e81a72a96dbfe19834a0e7f6256e
NAW	NAW-2047	d6bd655975313049222571c0cdf3be5b9820fad8ae024135ba327b9e0b1462a6
NAW	NAW-2048	0108979321883b87b9c5115ca648567a521a13604bb53cb93f3ac958b8a8e2ab
NAW	NAW-2049	8e4f689c7950970e1747de5e76f3cdbdc321007d2f8bf1a5e1010d01e5036f17
NAW	NAW-2050	c02d2348ef4c68f895775f9909fa272da14cc8448eb4bece0d3479127e94b820
NAW	NAW-2051	5b6f3ed3373823a8e14eb1c29172b7eeae8a2121759f174783fdf3d0c24a82fe
NAW	NAW-2052	6e3df18f26965045bc10b74f32e7bb3a3efaf76b54f8fb8a10f62e76b9b85d0e
NAW	NAW-2053	295ccce63a26502516bd939c612b38fbb458dea6b917a174c4ced0e206303f86
NAW	NAW-2054	afd9388ea68c5cc5ee61984b3a49dda0f2183c34353d354553a67aea0ff4201c
NAW	NAW-2055	c9fad0395d38b80345d9257d595a6307945a54dd11cb05f7a2606c42f8009943
NAW	NAW-2056	12e911e907e21d1264b332937a5d6006cd1bcddcb211bba68207635701dd393b
NAW	NAW-2057	e23a628d0eb98630f3a2a0b44627009b530933fd1a57639f54519646b9fb7108
NAW	NAW-2058	effb69d90a39558504a92ab2ca32a93c7a55781618d9a00a341a7077d3fe7ba4
NAW	NAW-2059	5bf9075d3c0e5aee88e5382050624a9f458cd5ae9b3c6b61106c6ef535395754
NAW	NAW-2060	db815a109f11830349e3703e6a6273a3513a4cdf8916c350de0b2f42c262836b
NAW	NAW-2061	d300cf4595486b157005d0f613e3320d09d70c1b5263d40051d4b98947f562e2
NAW	NAW-2062	ad31bbf670a343668f4f141b202120cf8dba974e386e2b03bcd655ad93fad141
NAW	NAW-2063	e1e9a308b175941e9f1f4d83347a7ddf4c4b4327582327a8d387cd71f4937426
NAW	NAW-2064	e3a22387b71f34fe58d10ba470885051628a456feef0aceaab0735a80f487c34
NAW	NAW-2065	1d82a5613253d60d6e5b907ef1a600943e29f18367f3414e1134a2e77d87bcdd
NAW	NAW-2066	6b9d39ca8c6bc11fcdd7487d2be59eebd40caca8df3b7e86b79fa6b62121e6c1
NAW	NAW-2067	fb6fafd48d9c969fdddcd51b3cfa2c9290e0f20278e95d9c4e8581b7bddbc4c7
NAW	NAW-2068	c65a3d4e5221cab2d58e52941a4c446a65cd011dbf3a4ee6b853e99222a5036f
NAW	NAW-2069	68689265ad469d443973383e48b011e030625263233e0d86d0fedb8565182cca
NAW	NAW-2070	6b679c8396cca37e3fc8f3dd439b6f74161fee94a0fca72ddae1052ec9002d00
NAW	NAW-2071	0e50b7f389127021346f07ccc50ee044dd8f30e0d42c428684caee40e9241459
NAW	NAW-2206	a676301db6a892cd9a7643d90011a4192449eeccb389df88f94f39948e0eb5df
NAW	NAW-2207	5e430c8e36350dec0e6314ab03c2e6a8defba212b9cc522ac7f739186f3cf183
NAW	NAW-2208	95e3feeba3125d0d6370bdae316ff48209134687cc97ddcdbb9e768a60e97816
NAW	NAW-2209	89abb84f7aa3a8b8fa4b50957a25803921ea620f0efc321abdb73ae1ffb14f47
NAW	NAW-2210	6cc8438a640a420e5ac9ad47cfe83e7d1221397c5236bb41e6403b5a64f15554
NAW	NAW-2211	f1f3822366331e6586d90da16d6cc660952c9be72bc5cb4e6d3c93a09b0a6e4d
NAW	NAW-2212	56f1cda9b87e9094ae8db621dc6ea8c5001fba5e0bca677a6a40b9602598ef14
NAW	NAW-2213	4e7cca383200f04e4fdad8e43a0b07e5013affa6b83d261a728ea583ace219a8
NAW	NAW-2218	bb1497c3c5aa44504381b8b39d89dae5131afc139b89e005e9018cf59279ae7b
NAW	NAW-2219	f4299a46b9d4d9c93b9c2f3a40aa44953e921b6f35f16bd3624c15c88d6ac15f
NAW	NAW-2220	05f99e76860ed42ffb4a3d6d8ad1726eb15a5cd7977b197be71d91093995ebfb
NAW	NAW-2221	5d32493b94aa58aceee55785a86c7bc0252bac7ccec523cd2bf5b0eeabaf21aa
NAW	NAW-2222	b79ab97e5d75cbd0b43e8ae12da910678057f3d090019c2a967e4245c114ebd8
NAW	NAW-2223	f1a54148bbe0f820a302d6978f4d492718f35a7db12bc1672dae23fce800271d
NAW	NAW-2224	13200c419286683effb60693848410025e8d87b7555e591efd95120eaf6953c0
NAW	NAW-2225	3c5fa85b99310a0353cf825a323ceade30864c6b1216f7395d8522db1ddaa92a
NAW	NAW-2226	24ea4a1dd2b0830c3a18a9d57a3207012c622d42922cdcdbbef230f87023d5ad
NAW	NAW-2227	3ff035e46927135598f92d600f035a6b904fd6e350a2a3223e3825aad2a77079
NAW	NAW-2228	7f9e61447874580bc894d5a3d930ee4d1718acfed1429f38c3fe4a63d04d54d0
NAW	NAW-2229	bf728eff4cec67c43bd0567cf984b48ee5a3b46ab9b98a54b605a0a899113c4f
NAW	NAW-2239	2048994637bf6241e64a42675ed1c1f912a5808716494d10f26ac8f4b7d168a5
NAW	NAW-2240	17805cf0479c902c650f9469d2470441c1fa226a09f9aef9e00ea2210930b0fe
NAW	NAW-2241	ec7842f94be4ed5200e755c48e3bdf3c3bb227eefabbedb5f8f8e8766b5c9652
NAW	NAW-2242	635fbf33ec1a75c0146606506cbf67a99cce8d0018ec611e21965ae56c43408a
NAW	NAW-2258	035a6daf2a8edeb4d41667bdf85e8c21ef4eac9b3f23d4e6782d208e35ca64e8
NAW	NAW-2260	5da8ebb6e81f151c6d0943b8260778e0615f795bb7ddfde5f4994d216237d98a
NAW	NAW-2261	faf0f3dcb2b2fc64feaec8907b99af753899dfb1e83377238559b13b0f9967bb
NAW	NAW-2262	778959897e4b73f76fd0abc93714119a15e407f6c93a328a762c84715e5c98d2
NAW	NAW-2263	34a706fc5e1167a8a77bff5d21c52f47d849d82ad2e0b205fba7019c1e56bee9
NAW	NAW-2264	5377b36654f24b6b285bc45dad3e8af3596b9d243f58476e25969e79b604c0c8
NAW	NAW-2265	22f6f70d9fbc1d685867c465852a19ae662f15a723e4dff5365a187aee6268c2
NAW	NAW-2266	0faab43f11aa9a1d008b4aaa0f79e86c88e5254346d120c415cb52b8a7f2784b
NAW	NAW-2267	e1d42ba2646a32b756840bc286ffecde2f1ea7c9c4f72eab92d1ee003a2c7ca0
NAW	NAW-2276	7afa8d6526e290ff98fd3952dbf4345b7d57742a11b3c5a4b99aed39cdbc057a
NAW	NAW-2277	1614ae1921b012e4ede2312bb665a87c961e2d331f8027bac421e80a041ebafb
NAW	NAW-2278	f799b8ceab8a1cc323321e3e8d52b624be3e136010201772138fa0b378a4031a
NAW	NAW-2279	44038402fa14dab629e7f9bf764b5ef7ee3b57c7c1bef606833344eb93a06cbc
NAW	NAW-2280	9e067cd8c11156c475a133cc208a2866d506e23040debbbcaf070681ce5ca795
NAW	NAW-2281	89c341ad959e330464756c6e95ffb31083029d3d5843d1724b8f8d2ea914f61d
NAW	NAW-2282	04afa9ca01d891c008ad498b9a531a52bf1fb19a96fd729a9b7b054112e8bbb9
NAW	NAW-2283	d96bea6bdf78754de7ea0cdb4cd9ebf3eccea69a06df8751ebf833bf30b1dfec
NAW	NAW-2284	523ba7da0cee3b06c1e8d48e1da95997aa08182fdb45697ff4f9cb834cb1ab95
NAW	NAW-2285	ea69a11c489f680b7da778946f4b115c07353658a2f2f77f3d5138a9e4659bc0
NAW	NAW-2286	ffb12ae1ec0da22b75c30051d4f32ce7b84df877229c8f21141b572421de28fd
NAW	NAW-2287	904de9638e056fc0bfa1a92f9e599262fc38a0d07465d0fb0682d86f927dc516
NAW	NAW-2288	d70e66ab7370239e0bb127f66571fb3b51a1e99369b145d4eda045e7093b06fc
NAW	NAW-2289	38a94cb9c45adcf1d674f44ddb77994fd799fd489c8b7d15c75b37e4a0dea34e
NAW	NAW-2290	5f035c31f0578f91a3bc1e69c3b2cddf1855535a7cf86c23ad5707e7818e005d
NAW	NAW-2291	ad930f4380d051814b857a38c2bf148566a17b8b4c0a14f32d87a482301f0bd9
NAW	NAW-2292	eace719a2a7bef661b28b837c274131305a8ec9e59dab3e4def05b534e50a892
NAW	NAW-2293	c259e4ea041cd0ddc77219e62219a1724f221c53854acf4dfed36497158861fc
NAW	NAW-2294	c92e58bdf628aac347145c852fbd13037ad9173879a54d555d394e197a21571e
NAW	NAW-2295	628a38876c6290f62644bc875e4385bef48ca17faa07f2a10cbc106a1819d9ef
NAW	NAW-2316	5291b10d7fd3f292a3f2481897a3e1e96e56ed794b07c242087343a759f20cd5
NAW	NAW-2317	c0ab9be6c69fd257deac4ed961f0e3f436940a5f7cf2323323090ff9cc6c3355
NAW	NAW-2318	24eef3b1550bab26016adb6fb3560e2d4ca689e84799464a29b2bc5b08710b89
NAW	NAW-2319	dcdff26d174255451ce8eb0b9f221e7ae57e37e56fc7569a4c55d29f26828680
NAW	NAW-2320	b8cc0261e1483e65e5a713cf5ba38a4e58a74b38a10a6b3bb76a04dd1661546a
NAW	NAW-2321	3a505f7547f1e4b09291a8105b0eb32614cb34a313aea448d9de9c012a4135f0
NAW	NAW-2334	df7f50d2eb574ceca91d93583b0af683b01e9c3f54756813cb3f7e3ade9b4fac
NAW	NAW-2335	6208b865e611989b2e076f8bbf9680df552e2682792b574b0069cb6a6e573845
NAW	NAW-2336	573996d64809b0cf1fba974a20c59781b017c14064a0a62d5809bbcc416589f8
NAW	NAW-2337	c2ae38a74e228030c29fce476685dc4fa447dc063f640c239f714c85e29c9ca7
NAW	NAW-2338	ff3cf6e7ba6e43f3b6c24420aeb9df3cdaca3cd2a82581daa9c7f7d4fbf48023
NAW	NAW-2339	a05912bd78a449dd9f3a1fe74d717aa20b38a827a63054769f4b86b518c049b7
NAW	NAW-2340	2beb6ac5476cbe99b16f86448ea71014f24fb65f0227fd501bf8cfd70f4e7a95
NAW	NAW-2341	248383126c071f2d73bf7636805c183af0e9fdc8ddfbc77993c43802d142d21c
NAW	NAW-2342	fc00e3ba10ae93d652b381071595f4259fd11b90b30e1a828500e96c9c2620ec
NAW	NAW-2343	1d15b9978d1fd55b073861a9e8f852768c2e637fa05a68ef0de43a4ad91f50d1
NAW	NAW-2344	aedff91acd06b971a8ca1bcb774479ca51805c592fa62da2f7c4b49887f1a2fb
NAW	NAW-2345	d6dda4d45cce8feaaf11c88512b474dc0f855ee09961ce2d2018831cd70529fc
NAW	NAW-2346	9b321b7f6951b2190928743d246f2ebdac9dd9722b1b9cbd1c931175f5204d2e
NAW	NAW-2347	0b8743f6c8e9583f6db12e16d3b27a46f69448316f18b4a1aed862a6647d04ec
NAW	NAW-2348	668fd149545b8a400b8a339d3ec02a2468abdcae5e368b58b78cd2d1b252df5a
NAW	NAW-2349	d61a8d6c9424be6926d379329c846ced1756565dbd5fcf45c95b4fd539023281
NAW	NAW-2350	ffe1656001fcda4a0e0ec8e845fa9d6e9e1c28fd72d24b797b4556c8c9f3edc3
NAW	NAW-2351	f6f0322299ce0a480b47889e617dc2a82693d653543f86ea82c47e3e04d3ff80
NAW	NAW-2352	e13ca3944db11f6e9d02b00215bc33c33a9a74b413a077acc59ddfc1bd7f4893
NAW	NAW-2353	75897d9666a6e10426152062dc9bdd7c4ad2ba50b5cd15f8c09d95a627d56fc9
NAW	NAW-2372	7a724a0a2442899712fe0b17d2c7861aa7ec118d69440d3a7488b508b84e424a
NAW	NAW-2373	367c20430a296a7aca914204c35de5ec66e31a60938ef6cd06c459cc6d8c4e65
NAW	NAW-2374	55fba5a6b43410f3e8f953216e75ebd7f2d792fd78401043d7d705a9ec6946c8
NAW	NAW-2375	af8d96e67221e4ad2b0c7dac60fd4d219230e3a7b2a1e55731e14c1e123b0e27
NAW	NAW-2376	ea66c6a9eca42efb323487e3adacad8672dd9c1fda08b839914f6974468b6d22
NAW	NAW-2377	d95897e8d903942c6ff4512c9dacf178eb717c6d54ec769734f8a5711da3c09c
NAW	NAW-2384	d8cad5b817bbda37154f8651ca4ace57f68b3f43a3bf91243573e8305a2baa28
NAW	NAW-2385	fe72f3b67dbc18d829be24d0a2f0bfe69cd6d85ab7153c15b8a1ce55437d03dd
NAW	NAW-2389	aafea1c040bc2502d56c77d299c15875da9a00b0ffa6ebc8e09694e539fa7aaa
NAW	NAW-2391	eb3e212d7164809f99dcf24825c467209f64bfcc6a3ba04acd5aa5644158bf1c
NAW	NAW-2395	e57e7d61ad03e65b01c1d9451f2006934b8d24abf4214ad20778ecf0388c487e
NAW	NAW-2396	caec40e66f4468a65dfa6a77ed04adefd3bf53722b58bcbb3df7d91a9673bfc0
NAW	NAW-2397	0afe49e53b0917866d9ccfc7666ea0a45490ff596a5b0a7d13951391758927b0
NAW	NAW-2398	db4754605275f9c089ce479fba4aa33e30623d2ece8f447a490020680d9a0efc
NAW	NAW-2403	142e2bded3915e2b083a9de22f99eb7c0ea92c9a62395a0abe74cd525a766af8
NAW	NAW-2404	a2b1e93c10db5f499985d47441629e8f22df9ce1c4c271934efbafdd7666be17
NAW	NAW-2407	cf6f1aec003731917b6e65f3781c1f77768bcff5916d1ad704b7c46a3ddf1add
NAW	NAW-2408	fd70e1026f50e572f47a6896f1f0d790d4d3c9f257c495723b2641936e1287a4
NAW	NAW-2409	ca662c89bc92240b190f6513542f89fa4fade7135878d3714cb6aa88cc947688
NAW	NAW-2410	426db0015c168d39400da5b7833be8062e4f3b933ab3d432c8763feb7e12ab2a
NAW	NAW-2411	3253d8a1f88b8c1878d2f795c98171242d60bf5ff1315e8fe6178f26e58d0e4a
NAW	NAW-2412	926969ebce2e75fee025ece51d15a9d757b9dc46d412115edca23f3278bdc8ba
NAW	NAW-2413	edaaea0e0e646faf2f88d96b67d7ae96b4b576b30b7f0e10b1e2323c3cb552e7
NAW	NAW-2441	ff73a5563e08803f035ca73d46e126069c3f433c25c3d62add0362de885354e8
NAW	NAW-2442	cc98fc3379a7233d8097d8d5781148392391ccf758ec6fd57a190b52df15809d
NAW	NAW-2443	d8d16d6d2c0047051b80fcce27a3b72f42a500cd4c200b148fb273dcb9ec2fa1
NAW	NAW-2449	9dd9224b24a3ab71a5d39f2e95cbee5bd26aa09565d84884b1b1be2b52db419e
NAW	NAW-2466	6e8f2ffa0608e3d4ddb4d8bb8ea438d4758513c93a8bbfef7ec61b3761319e5f
NAW	NAW-2468	e13accd917a8e9fc70e684999597f26dad7c538cbaae6d4531a7ecdbea9e39d9
NAW	NAW-2469	eaac1b87c917b5892d9e9f8111e9a0900e3cbbfc71ba9c7fd534a52772dfc856
NAW	NAW-2470	0aefdcfc672526994e0f6ee9f2172e463ab895ab1a81f3ebc5e27de7b16ae4fa
NAW	NAW-2471	8360fb56072ac1fce1cfdd28290e937b8f07742387758d62e173debdfa42c899
NAW	NAW-2472	09c276fba636868f6749f52a8960a4e533d239aa9e4f2a5ec15f7fb97856279e
NAW	NAW-2473	c86802f9a382d497b59a097e793723cc9108ab875d0e5f0d87175b830134b153
NAW	NAW-2474	d78e4bc706e1c36f3d48156a9b8c2a15bff2e0ed321c35c173dd4f623fb81b82
NAW	NAW-2475	b49eb436588b928e456a87be2927d87624ad83afdd8351b2f6587826d81d712f
NAW	NAW-2476	826353f207719b245559fd15145dbadb718e1c8e40de09f2a1e75884128d4600
NAW	NAW-2477	55d0c0b558443e390555db05522a07c4bf272db828c4b96e9c3fd5f071686dfd
NAW	NAW-2478	eaee9948561b0bba0ed797ca0b974ef5f5cf21374fa2e742acfb909c25ade4b5
NAW	NAW-2479	ecbf558c803f1779c2e71b5baae5a0b7c459f37034ab812b2d42626c9bf311b4
NAW	NAW-2480	649f0cbcf885a6c364fc66247ee3edb4214968af9df8d4f39459adfbee21053f
NAW	NAW-2481	43afcccae6af025fd2bff08c83d8c9466d2746f71b61cfe980edbf13c7c58649
NAW	NAW-2482	488447082b9e759502de9fad809b5adaa86e49212d6e2cecf8289c045c4509cd
NAW	NAW-2483	21824c55a2fb05f0ed13246ebaf98de56f820b1480e97a132959de53131a30ce
NAW	NAW-2484	ff36050e06084fc04445becc10a2d4ea1ebe68bab5dc8402c60c22533c06853d
NAW	NAW-2485	1fd921ceb1275f71a372aff96b1dc20076762ff38d68b3c3226882eb38a8982b
NAW	NAW-2486	dfec9ca7748bd9f66e639b24ba9d128eea4201603d90274d76fd5c20ac2c1263
NAW	NAW-2487	9978a4b9d9ddc20b31550fcd8d2b8b717828aee42be7e491f6dd437144fa127e
NAW	NAW-2488	32d3ce94f376a52100e398d34b0a43a8c4b69eae7408582c6d93351f29a14731
NAW	NAW-2489	3e5683af41db985b76f16658cbea663f491cae737b7b88ccdb4e05bfbaf53844
NAW	NAW-2490	5ba1a970246e514825f7dd306c84cd07c4e0e4f11a977ecf6b2945001e3c2d3b
NAW	NAW-2491	33b7381689e2cbc6a5afd95f4261b2e05691a829bfea1dee6ae9bac628c359f2
NAW	NAW-2492	d7ef792efccc118556428eb2bfb71091a9a47a0597f93dab224ea91ea72e18fa
NAW	NAW-2493	f8eaabe82515fd9dceace4eb042570ab4991033c2b6e568615fabdecdb8da5dd
NAW	NAW-2494	58526c10f42288ea9575e74cb389f47b7891ca5a0eb4d4b48ab25033cb116685
NAW	NAW-2495	f57738f6932a871b5c64e62288e35e08b9477683318d5e147c2eefc0eb94468a
NAW	NAW-2496	c8bc0120f1845c22a686f7cf252b62a9dcca4a87fda914e17ce033782e97ae37
NAW	NAW-2497	6500f44e15a41bd7602bbef74a57d6e572ecdd0eda1389d3d2ed543ae3888142
NAW	NAW-2498	24e9ed7ba0c6170e7b2fb324b822bbe08827de1adae546e2da6d37cce2f0f5bf
NAW	NAW-2499	2c3f58bed4a3099b01421b1eef731827b08660932f843d5b5cc679818cc503cb
NAW	NAW-2500	49774e87251ee59bfaa01282dc5f1c84550819c5973ace8733a87e9d91989df8
NAW	NAW-2501	69ec32ff5adc0b9bf75ef4f27752e4288df65012b7c3256241a221a390b7d11c
NAW	NAW-2502	5bea20b59f2f028fd821875ce15069fa45a8f72f56b4c40cd2344c456314872b
NAW	NAW-2503	9d1bd51c5e4ed7f27420bc0c67583463a0849d20c9524bf19b0e70ccb3fb920e
NAW	NAW-2504	82a20caa0f15711522a7fe08ea64fcf006dc665da3d745a917977d4a77de6fb3
NAW	NAW-2505	3bd416f69d45776f19db178d0417a8a9cae862702397eea80d7aeb1572b8db4f
NAW	NAW-2506	d3ba87b64ceaf039c4d5d2e369f130724fe9c2196e551b90b31a195d5f22522c
NAW	NAW-2507	f1587440c28bf11c48de04879b82daaa1abefa73f4a27f8217a8052906c287e1
NAW	NAW-2508	4b856a8ade0fccc2f9c230c7b0c2253e5dae356164d19ce5759618a805f3a23f
NAW	NAW-2509	806f8c40554806c9028e50a922caa5399bfc8241b0fbd7d0d709347715e7c5d1
NAW	NAW-2510	65ce74f02317cce92d4ee1e7a8c6d6f68bf66be6feddb993b4288d4f915b63bc
NAW	NAW-2511	262b216d93e1cf093b9aa73a1d36cda364b9c63d4f26fff128ec0f7672451e08
NAW	NAW-2512	747f7cae00aac3870a1e39b336a3d052d685ff5d310ce876d669aeb015c4cb9f
NAW	NAW-2513	5f27b70776301cd1d57b81af958adf46429949092cef0061983908bd3836f778
NAW	NAW-2514	2b5e14a11c9f314464f84acc8883df30be8e2ef0647e92f6a0ea291800126bb4
NAW	NAW-2515	3fda78f506bee3b6a3af38fa296bb0524c1d76f2d934dd75a4242c1aed2706c6
NAW	NAW-2516	079be004240b4bddaa475b8e6298c65a867435025f12a70b13f5fa15228bbe9f
NAW	NAW-2566	df6c5bb6778b835196e756746877ba3433801375760fff20c4f348ef8b764a07
NAW	NAW-2567	6d3f1ed3c3ae38eb35e56159c1388bf72a7c9580f3ad5fd14121bcf27dbd9a7b
NAW	NAW-2568	2226d32f73dd3fc0fbdef2b2d278d5da00922ba79ec2183fe6d426ebb37a4dd0
NAW	NAW-2569	4f8096b19460053242444fd0cfff40119f887d387b199f77f601453e4605ef9a
NAW	NAW-2570	ca5364366eb1d4e4d51f0d3dfd3ff65fd91847e3396c6d821d12ddb853d4325b
NAW	NAW-2576	0b3ff8121cf82e4b9e7b3989d293a383fdd78fb3f710a081d83bd164b9820917
NAW	NAW-2577	d249908df3aa1f64800fd5d8f5c795dcfb478c818ef0e1a3b2d993fd05f16ad0
NAW	NAW-2578	3d33491fd27119f35c3548679fe20759a380bba78d6b46f61e20dc8f196feeaa
NAW	NAW-2579	311ef6fc675f852bb04649eea15535e8747fae439afb22b9f0823dd643fe5cf4
NAW	NAW-2580	d1bb1d354b38b9fa9dfc3d1d57fcc6fedaf96ba49ee5b74b1ea9961632fd4b80
NAW	NAW-2583	cb3632fd0c4be8dbafc73e7d46b39e4f646ec1d2d0a31d705416bfe8a7484904
NAW	NAW-2585	84716a3dd7e138af2c220dd2934e141cd6a6850a5ec5504cf7d4172b7ebca8f3
NAW	NAW-2586	34980a4040e2f2991e007b5811cf7ba22a8191600422ef8a57204bc336d8fc0c
NAW	NAW-2589	81c5a9089b8d63649dd36b13f0692fd5f2c6cc64e352c35f98360e770902c7ac
NAW	NAW-2592	48a02aa60f616dfffaf6a76acd65ade154f9dde5d2e2ec4b3503f3a1fed25ee6
NAW	NAW-2593	e35d760277b8dd334dea847e0fa3796342f54a0db8cad6949349cef7d2cc6dff
NAW	NAW-2594	066bc4d408eba5d66c7da4d6b0c1a15d6be83e781c145f45379f5a89e09f15ec
NAW	NAW-2595	82212fd484e78fef6384a44f9c74394ba44163f4c4cd8f6942139988aebd4e72
NAW	NAW-2597	0e45a5f476faab1f739191762e4b951f912ed0468877e25df4ef41a1c04db6bb
NAW	NAW-2598	7500f771c0a42a28a97dd4913eaa7d0a6ed548e38725489a31ba468cfed31ec2
NAW	NAW-2599	d95f54626f1e938a5fc1ebfecbb8b6550a2e842b7d3bd204f204ea05e9115ed4
NAW	NAW-2600	c160320e8b9b728183646e1ae8c0d34dd2f37439fa0670d18a15eaf49dba1822
NAW	NAW-2602	3fa264028d6c6e3ec73dbaf0e782ff4dfac41b073c36aa544d7001df8552ad45
NAW	NAW-2606	929fe9f5d361fbb169af5dc7e3d6b3b772f7546050248d5ebdf9d41584940832
NAW	NAW-2607	82f3e9c88ca68db8ff3e40c78682816628f31b5c5fef39ed36e0ec6c9ee7a6a2
NAW	NAW-2608	3c84337a204aecee096544675015420eb3e64f4542a4bd66d10b3ee759699447
NAW	NAW-2609	b8837b180abc0b001cffdfa6b567bef85352ea07fc4f8f715e3cc0ec77edfbce
NAW	NAW-2610	1d384d54862905a8fbc0035b8f9ae7b8421b6225e028f1ad4ee0093fd41715d2
NAW	NAW-2611	0fbbe2a2af137cdffa58fdb1771566d31e5c8eb1698c4cf077a50c9c573c0625
NAW	NAW-2612	af3cbceadbbbea56e80fdd7b64e579eb971753f144b6f2f469a2a6c101bed543
NAW	NAW-2613	a19c4b902d7abb5aeb1c6064ea8a635043870276506e0567f12df2fe38d3ae8d
NAW	NAW-2614	50f6d5cbe2783c6339dda4035b3af4fbc5157b149e0d9753804131387835616f
NAW	NAW-2615	33e2ec22c006bd570d76940804ba494b30af24b683bd7230307a8e8845c6c928
NAW	NAW-2616	8f778a7b2b18fcb251017d127fb64a2c5e6825902ba1de7afa7266dd8e0ce20d
NAW	NAW-2617	b090b7a19a5527e8a64d57400dcd5f9b988bd864bc4befb7b6f790d65c09621f
NAW	NAW-2618	816f790229f931d5247976c3d9dfccab73b6a0edbfed7a3b6e46e26fa6338920
NAW	NAW-2619	5252b167091dc9995c3a070bcfef99960d8a5a54b9d29b0f8261d7cc47490644
NAW	NAW-2620	fc472f014bc2903cc34874704792b630037bafe489c400f2b7a95b83409d184d
NAW	NAW-2621	7d3fd7e1bc3665bca016f0540f4184b13b0814dfe0f26200fcc956c17c39ecdc
NAW	NAW-2622	5c28affe2fc439dd4c5dbab3025ad723caddefb0ae38a3dae62d9a73b49273dd
NAW	NAW-2623	2c09a8f8d30adf67f6eaa297167d73fbfc43d7f5ab718cad38cee085b72ac669
NAW	NAW-2624	07b24c62e353d4b0a5f99af406a49129d88a23c5313a987249073e65936953d1
NAW	NAW-2625	b84c20024e56fdbdfe1a7269c27e63b184d669b0109e59728a405105a5a7af2c
NAW	NAW-2626	27822c2efbc09fc2c10878c1f613487d4c6f3fe9a7d79a4c8505f09c60c0af57
NAW	NAW-2646	b2729f9d241b94dcf9bc1eae7f37912cf805b529ba40bdf75a626c15e80e24e7
NAW	NAW-2647	e9c085b8ef00aaf49d4c6885a8c2539c69be62940894f5ac5ed9760200031697
NAW	NAW-2650	fd4a6ce494920f96c56f34ff28c8684528c1e139ac2650ab83eac91e8fc65b0e
NAW	NAW-2651	24ea82e541261d4db716d38a44b461b2cf57f681eb3c6132e43feb9aa66cab8b
NAW	NAW-2652	51f6298b4041888053fdcdc216f34e4cb8625cf52f804bcdbc244d682d7e69de
NAW	NAW-2653	d9e31ba1c3202ecdd3ca495cd33234310af76952324bc4cc1f3a46d273f0c04c
NAW	NAW-2654	b840ab74b303f997450ee07ed0523c513beb1f878a5ec741315b7aac48088db9
NAW	NAW-2655	1d42a64a24dc2b0a930765d1ec1ec37c71fe02e582b5cd3c0d5afc31960dead9
NAW	NAW-2656	b60ab5666cd4de9542cea40505efebe2393ed3b1cbc9bdce0c3f57dfb455f6e4
NAW	NAW-2657	d22414c99334d6a6f2e0634b852ca3d6b0d5363fc96a5ee97c9773033471f56b
NAW	NAW-2658	52eca31ef4f0418d07cac10a8f935ec216237a9b6618e6641de90d05bbb3a49d
NAW	NAW-2659	7a765fdbf0b83b6d4c5a1e9166c85b61e3cd50a537cd68596d1c6a441fc151d0
NAW	NAW-2660	0077a39e8339d5498e089fc5d297b3585f9e5ebbbfe84db38cd26881013c91f6
NAW	NAW-2661	c6964a45b9b5e62cfdd98460666242b21781a5c6141e4166940ba2f8ba0ad3a3
NAW	NAW-2662	335f79be7fe50ce718418375af68bf7a16766a3660e7013638796db41967e339
NAW	NAW-2663	24684ee2788a23f05951f3090b02fe9d444d0f1905660cfdd0d8f624853f278b
NAW	NAW-2664	89c8272e5770ac6ac67002ad51af165aebea965994b58c8c33c4e24ce343baf8
NAW	NAW-2665	80939f89a1d064cff7d96349ad3076031b566844960cddf6cb1be5e926884e0a
NAW	NAW-2666	5e8ede32ef7a3e00640a14e8b2699b5f731cd7e587be9439b740a16fcffda43a
NAW	NAW-2667	be0b4bc05bfdc2abe3ae2cabb422b4c28c83cbe39730ac833fd8d91690ccb439
NAW	NAW-2668	e5d83b57208ee15b0e6aaa2819d758e1adfc424c0b85c265fe13bfa29242e3c6
NAW	NAW-2669	0193756651e406d8fb3f0a39a5e25e021e32d642b60ea7c97b261140e913ec1f
NAW	NAW-2670	db3e36d754d2c8a84b2e97227948c1f1eab8d6cb6e7570c02afedce92bf7e1fe
NAW	NAW-2671	4737556d5004bea852db39206dfbcc232069c763a936b35d8151b86676922c9e
NAW	NAW-2672	00bdba49c58dbb7b964c64316b10f202f95107b9a18680d74a22e9cfeda55ca8
NAW	NAW-2675	c099897607e95e4bba64374f6af026811af71785b2a429841924e84d51ab10d9
NAW	NAW-2679	42add85e5e338c498379a0c8d35f1947ae95ebbbd20e37133012a261ccfe315e
NAW	NAW-2680	d8ba904a8535b0e4e9ffdae8393385ef52093d65aabb6b407a41a221fe96c6e2
NAW	NAW-2681	2c04ed3f9275ef375a01749e2d07c0639ae6578022f078a50620234ced3c3c24
NAW	NAW-2684	57d5fe698cf6a49ea61501c7bed7583eac472652f75dda63a5b0a1f7351fac86
NAW	NAW-2685	f95ebdfcbfa4458ff767fa42bf172103a0697dfb64e44f3a85d9e9b2f86567ee
NAW	NAW-2686	99cdabe63b71651b8a9060fa76da51de7374b41555daa55e33f50b7898023883
NAW	NAW-2687	f1421c81f286034dd0fcd2fcc863575409828187bff0f955861ec8960856a7df
NAW	NAW-2691	ad14fab0667a4e61fbf62feeeb6ef43806d36747f837b86480372ddad9128a73
NAW	NAW-2692	c96c54a47593863ad6ee1fc9ba061dbf75dc323150ae38b53e0d5d3d6fe70634
NAW	NAW-2693	65521c7c3c0e6c61ac5b68bdf3ad9934bd04176fd21953fbd831a5b78257bfc2
NAW	NAW-2694	eb4a13234c045903433818fb27ee3f5bb4be5dd70aaab95a0089c65d59f80bdb
NAW	NAW-2699	589740bb8fcc21ddb154bce000bc9791e901e19b6ee3f5b330e37c171bce85b6
NAW	NAW-2700	e5cb162fed07df83d37e9e2c15f7eed4b2bc1c65fb2fb53bcd828285eb0a789e
NAW	NAW-2701	6d5f271acd797892a96160353c91ec9e0a72f0a29b209b13cf4c4dcb68a0c3ea
NAW	NAW-2702	44a2213f54133b24bf4c8cb5dac71a6b17af170b8f94e690c00835195ce9510e
NAW	NAW-2703	0e88231bb344b3818338bf4caf931935779209599eaa9197e5f2f19ee0aadf3e
NAW	NAW-2704	c3993ec09bcd36bf5e68e9cc1fafa3a00d7759526c8923ef109fb854f3b0d43b
NAW	NAW-2705	0a31a2672750799c092a23d5a9233c4f0ac99056e665ddc049782dc7f844cede
NAW	NAW-2706	47551ceab91fb74a940e4030574351a450641baa7239778ae745de9e08168c6d
NAW	NAW-2707	cf5ee41b5ad1b0a84fa3afdf908d73fe3f57e94189215e41ade6d7e2caa4dfca
NAW	NAW-2708	aa169237c15cbd0a0d16d0420f5304a9bc923840f6e612ce9e05125bd1bfc2fc
NAW	NAW-2709	8a603ac50376e1ba403d592e3bd56d50d2fffcac4a8a9dba9c1b2a69023e4e8e
NAW	NAW-2710	b9373e1a58acb15ca6a67f62e1b193bbb217de983f4b8f360b6c1b567437149b
NAW	NAW-2711	9d561edd4073104c28489f681feaf88c71cd920e04b640e55724e00ce02575d1
NAW	NAW-2712	d03d2775f808d7910931759edd50a9d0edecb4a1cf7d2664fc6d5f7b0b8b659d
NAW	NAW-2713	56343c8c4ac7fc12a61c5b6e29ee239a330a47a2b08af2fa18ea315c2ac38ba8
NAW	NAW-2714	ddaa63c416f46cd1bce4fc338a1d65183beb9264aac179a95dc55f1f79273685
NAW	NAW-2716	47f7b0608ebc67f66b0b6b37b026765872334915e5608e1fc8104548c46c053e
NAW	NAW-2717	60a898e2a1bd1794e36bc4201687606d81ccb520bc0f8b151467aa7d76870ea1
NAW	NAW-2718	eff652836fc2cb546e8c2223514f295c1c2671fa94d5614b15fbbb5534065e28
NAW	NAW-2719	2954e61969e84ce0c55b8bd2a4b3cc57d699d757cc27eeeb189a44959ee224da
NAW	NAW-2720	72d618afd53055dfdeb36a2ea6fcfef726cd45fc8f7cbf89eb5d43fbbd58ceed
NAW	NAW-2721	634455da351496c7a20cf7999bff36c4980db552db727c830196ab8f5465bad0
NAW	NAW-2722	a1f3c93caaf94b69287b119236a7f6b414e8e1803c75862d744754510137668a
NAW	NAW-2731	30bd25f32639f9122dff50a5c5be8c03e37748369f3e53c1fe66aff4df8d1cd1
NAW	NAW-2732	371318c2cf10815ddf190b3bbe9b25585041e174bdc21613746c8c20d8e917b0
NAW	NAW-2733	b593d432b800e0792c5f832371527743c9890a92e43fcd3affcc79e17ce3c2a0
NAW	NAW-2734	8783950a0e8421cb3c5b70254b29b800635f0f8b4852cbc6c4c126b02d4a892a
NAW	NAW-2735	68980514cc7e16cacc334954b756bf7edf140a3cbf9ef4e37314ae590c41f817
NAW	NAW-2736	96fe703d1ee13829990d333819bb8c0b127e5556ea6139d2d31fadd24e6df9a4
NAW	NAW-2737	bc2632c4223614f260370b0d9e9ca5873bd5a2c6383eddc010386ca58ccb9e34
NAW	NAW-2738	f06d8b7021874fc86670c93bb6cd18a8a44cfa38227a0b499ad64ccfac822b2f
NAW	NAW-2739	9df30a7a5842d92c1c74a48710cd45162e2c02ecae7254cb465595f7bfbeecf2
NAW	NAW-2740	36f8c62ec4f6424316b061e5055e07166b3d892cd9a192449882dbf0b389cad7
NAW	NAW-2741	0547a8fd25ec56164c419aa4a8ff8b3d201658b7b41da3b6fa6441a887fdd3cc
NAW	NAW-2742	86015e1354ad681b6bb9522623917ad03f6284f56c25cca1eb93fd8cc15fc74c
NAW	NAW-2743	0240362179805c61d54264a68185963b52725f9989485bd28f047dfddc307f5a
NAW	NAW-2744	eb77ea34cddbb609b069c4d6763b50323944a8146eea5aac475269dad1aece06
NAW	NAW-2745	94b8fd23e8ca8b87b3938f08520d6e5f899d1e61acbda33749593c1a79551567
NAW	NAW-2746	e72b428df820106afb5744b5b0332dea8a4dae2ea38b338c976b0add2066875b
NAW	NAW-2747	16214d78c00f803922dcc188b001e2ef34a47e88a5e6b9f33fc000c6f78d4b09
NAW	NAW-2748	cf26dc50d16bb463a9fd3c1024037f650b67d9514343d491439680f1bc28b9fb
NAW	NAW-2749	f1e67070bb902b476366a9d775738593a21bdcf9a76c144caa268e6c691b0b4e
NAW	NAW-2763	0f2e82e1174b1e4e84e6d7e77daa6c79e46e056e22b8a2ba702c76fcdf5fa586
NAW	NAW-2764	2d7fa0bc73ad6505fa2e090907820ac709f2d4f8177d44e45b06251558d19bd4
NAW	NAW-2765	495a1fad06b539eb485c7035a526a11482b19e5fa63dff2c99676619766d712a
NAW	NAW-2769	dc7b075187162179159ee6a0fb597a47da8ecebbd5ddfba629fcda61caa7dfa8
NAW	NAW-2771	b0d31981c949b580b4281660a702190ebf33b4b046e2da9cb067bf3173c864d8
NAW	NAW-2772	a5263786f64517aff78c827dff1661cf2d90ce3792004d7292b371e0b51ce6f9
NAW	NAW-2773	7830246076fb160e31fdcd1023047ed286c3f6b7f7fd08e3bbeb36294b226489
NAW	NAW-2774	74494e684790b073aef121e1d2998abf6fea8d5be2fff78c0a2a574814bc24e1
NAW	NAW-2775	3e41e67fb087585c3ae5eb2f66d5635f5329f41b81ac47bc4f31601815e1d531
NAW	NAW-2776	c813c6915f05db366a2d0cc354b39bbdc948662ee8aa14ddc7588e1cdaf57c88
NAW	NAW-2777	6f4357aea46db1a3efd44c93d401d78246d7aa2788cc224760a90420324b9b94
NAW	NAW-2778	068b511faa8ecbca63606105e6f6b3b7c63090fd32fd79fa1e785cadf7eb2cb9
NAW	NAW-2779	b107160074b84293f70a4fc5e1d1cf05d5163952d7900d97f24c28fdfa53c7fc
NAW	NAW-2780	08c34ae153d5ad9df0a94c185866f4ff434b48a8f0f7250eb3766e3477997528
NAW	NAW-2781	0b0ac7a8e5765c30af316c25097409659763017b3a55a7ec4b833e5b225df571
NAW	NAW-2881	aef9e40bb39219eb9305c6f25d97a8ae4259aee13ebe236e290fb44f18c933cb
NAW	NAW-2882	3c3fd74e1425ea39354ee5c3bf7cf1c84318309e6250602ede2d5b5e3d5b58f2
NAW	NAW-2883	8ce304b36895694d7f6803cfb7f7e6226ccfc0daae7a86747784edf772b532f3
NAW	NAW-2887	7e1bfba5deae3047c07711003d6fb023546f61f26e56fadad3331861caecb5fc
NAW	NAW-2888	07c628c93eb5e1d7302899ef58f3c670aa0ebbd2c771bc12ec0222a9aeef2c87
NAW	NAW-2889	2437fc9e4965dc16aac2fd2e7f87b480ade0fdd47ebca5f38fedff2c1eefc785
NAW	NAW-2890	b1d4c32a10e8c5ec5186ea7879110289501dfa96ee27eb7ded9c53bdf2131f9d
NAW	NAW-2891	43604ecff9bdc1ab8c50f4ad5792742ff2b6e2fb9bd5a486385d9bd8e15cfd7f
NAW	NAW-2892	421691eeaf8712252c3ac4402ae29c26515ee95146593eedef28ff6699e9a4ef
NAW	NAW-2893	838e636a40743b62e3c010b2cb8ff538894e94563f1eefbe61e080e0823d8b9b
NAW	NAW-2894	7824403e518b302eebf78ad57b44f34116e059c2b3c41858542638707bf48a5f
NAW	NAW-2895	12e1914f887631a869a3958436cafbae1b59de7172550af478571026dde60ecf
NAW	NAW-2896	eab66ac08e18f959367651ca75d295f28ba66ecc0225735b2138a54c5392e6c1
NAW	NAW-2897	a17cccf215c97055b9f5aade51c74b7fc4d380c5c576d427b64fc3899e706dfe
NAW	NAW-2898	39ad5a72a1637b9a1aba4b8b384a35d2ab4ea18c459219ffab1fc65f7c8077ef
NAW	NAW-2899	5f3e26231bb8cb0e97370417d44b4ce7f8dedf68d91ca16f743a5ee1ae1cb46e
NAW	NAW-2909	b761eed0c3b26efa2fe091eb565696024da0142a80575c5e45bd680ec4517020
NAW	NAW-2910	dcc4fa5ab50dea07234baf0c6feabe7a705e0e310924c9011eb4dc425f3dab2c
NAW	NAW-2911	f81a485ad7c086ff9796cc099467b4479097be2097db5c245e0b5dad451ab49c
NAW	NAW-2912	6f16f1b2e021eda56bfc91cbb13b1ceb80fc1567eeab4a0e8158d39a1489e1d1
NAW	NAW-2917	7afcb5f608113454c30d48965f26bcf66eaa2db498ddc0970530761ec492a197
NAW	NAW-2918	54fc3f21e9d36efb0a23ef53257b1a50bc435556043d79de3c13bbf1eae6ce69
NAW	NAW-2919	795fcbdf9e0669b5076d65fcc7bc8d1dfe7f9302fce270b9083e406626d4b1e7
NAW	NAW-3024	98ad1d8d8d3c58e0988d8cb7fb33570b294a66f0e45cb8e1c1e50729181eab84
NAW	NAW-3025	3e5c7d5f59c7d6ef66dc6b023d91c27ece695a95b9bc519e68fc963327c7f47d
NAW	NAW-3026	6d8d1be078a7b163f98226eb6c87ff09ba475e608f27bf14c1855e37c1c6bd18
NAW	NAW-3027	07ee9ea9a4398ff65db8ae16e4767160aa2d77f5f0102d0453cdb244d5048472
NAW	NAW-3028	703f340ea5023c4f6576906adec75db17199c1aca89c3b32463a7c02a9bb3f66
NAW	NAW-3029	a1966d9341251eef6965f9740e7465b0664323d13fe9db741771282f4a465fa5
NAW	NAW-3036	a8473109665752d807ea2d4a680ea62b59f4f29f921ff43f4c86aba28d644115
NAW	NAW-3038	9f93e3c7e050ca957c2c7cd132137d46cc89cc425efefbb56fa96b42bd766f04
NAW	NAW-3040	22c060de61d070f746c38dc6a6f64c807067e24012085e5bce038fb682de7c8a
NAW	NAW-3042	e6cb46d10028054af72dc3c43c3cfd7dc71fa93c7b652045b3ef9da1e19c6fa5
NAW	NAW-3043	3142a8c98a6028a04f89f110fd8348c86b2dc0020fe7dfdb59de1e9fa14c6b26
NAW	NAW-3044	f33f44387aa9cdd21906b4e84a50bcf85335391d73ba246a30aeddf30ce6bce8
NAW	NAW-3045	6dc950870f80014cd046d11b4e6bf85bdccfda4e14946aa0f037b991e6e83f20
NAW	NAW-3046	1a623a7b3923cfbf1182f00b73e5d2f2bdf1847dee40968cf5307b2e0232d2ac
NAW	NAW-3047	2b3fa6b3416d752a7e089a2ff41e37a5c491c2f29198b6256f2d4f7f2685e150
NAW	NAW-3049	0eba96db38b337743f8ad6900325980bb49c179028f3eedaf5cbaccbee132afd
NAW	NAW-3050	9be8afef706a07d4d93a1b53a4b1c2b16d2cee972c68f74b8f3d289ea1b7fbf3
NAW	NAW-3051	cdf08b395fbef20d699db5e987e1964e144f7843b0e11b29d754ef811091bc1f
NAW	NAW-3052	7c8991d80ac373c3deb836fa627ae5bda5e01df0d554563b80aaeccc5b814f89
NAW	NAW-3053	fff913ca05763c38d38bceb24de6bc060104397497f6d92a5d14426595b2f2bc
NAW	NAW-3054	2fe0274709f844af2b10d02b61db71ac9338bfa21cebd7f8fd03cf683c340ab8
NAW	NAW-3055	ba73a6706f9403cd58806167c30da557b8e5cc3ac1b46bf8ff8eb2786c1f1bed
NAW	NAW-3056	65fa80b14686aa6c6124567d76baf54c79ef8dcecc05dc901f1422de79746536
NAW	NAW-3057	e78ee0ddd4f9d8a1d02a725852d3375e1c1da344f6a29fc3da6113ea042daf33
NAW	NAW-3058	1a21d25e80d0c39aaccc36e0d8817ba0d0d71a07bcfaa7947d5e166e79165599
NAW	NAW-3059	65fa494c2d0490ceafa77c539bb7844ad059f9616105c26488768725f4ddcd6f
NAW	NAW-3060	179b9f84d0d2675f7b1c5f00fc681cfc8c85fc82dfda55da049c7097c2a1a6b3
NAW	NAW-3073	98d7fc24994b19e12631a14f1fa11d45d8243830460de09e27f0cc7bf79508f6
NAW	NAW-3074	f935451800600c9141108e404fcbe9d73ab43b34e08e8c603e67bbcf49a50f5a
NAW	NAW-3075	8febad6d01bf426bc8a761bcf09cb7bdd1d4adb967d8c2af7f11fb9b16121c5d
NAW	NAW-3076	73f887b78e517bbab5db1e744409191f5453605199765ce895a305e4a3251211
NAW	NAW-3079	f16d49656de83d9aeac2ebb5b3f998cdf17bd296ad3eb4a8d8489e00ccac5de7
NAW	NAW-3080	366ca5880485be12812bb7c631124b3dccc4cbcf24c5ba3ca2e070fed66322bb
NAW	NAW-3083	288e22abfff50bf53c2a7704aa69db021becba0f5d527949df9bd7b80c25be26
NAW	NAW-3085	7e492163835252f9179329f3bfb32542479e43c3807e9374b41f97784b27fbb3
NAW	NAW-3086	2088d6fff649701eb99521826f52f9fe4cd72ae871864cacad2aceb7bf4320f1
NAW	NAW-3087	cfced5d01c4411a234ac1c54df1fae48324d8bba50194b370f4dc9d8c042ba58
NAW	NAW-3088	d5dfeee8aca1ae8be5e1aad039c6aa39ca33ffc1380b60d8fa375420348506cc
NAW	NAW-3093	b2ebdace2b4eae834944bda0bd855d1668795208d89d68d75c5fe922b6b1f5c6
NAW	NAW-3095	af16b52f3de7e26d5cced5c39fc6ef0fab27408a159017e19d073ea2048256e2
NAW	NAW-3096	2011d80cac2816e67ec09c6ddb1240d59ba36bea562efd78651e6fa6beac9e6e
NAW	NAW-3097	b954ffe739f365f101766a07357e3dcbf658f0fd9e23c54670df4d5bbce53fa9
NAW	NAW-3098	ad362926d5264aaf51ee90523292c713640e519814c52462817ce5f696fff5f1
NAW	NAW-3099	78a2e168b0068bd9ce6da596af74568d84aad81e3235b7478918b5d0e743135f
NAW	NAW-3100	f1b31ac8dc6f5e2a7d9d4d982d4c9e2a5eec53819a36a8dc3f96f605358f4536
NAW	NAW-3101	a678dc95b70f892949f86f4f6abe17611d750e07ea61e5f9b74f94ea0b654c77
NAW	NAW-3102	7df5fced248cfb8493f92d5bea17cb0171233fb24fb713cdd2a55b1e17e0fa0c
NAW	NAW-3103	f2c0b9a9a68e0803abbae9266d1138c40531950b919216a85f69586b37d54e4b
NAW	NAW-3104	8960f2f37acb892f86b82928f706b74a262cca3e062687dedc702f4f4fa313b8
NAW	NAW-3105	1e310e5f1b4780001c4791a9f53af61bbdd6672dec47ce2ea83ae97780e629c4
NAW	NAW-3106	509cd6704d3604657cbe950c632b29000b84cf8e3aaaa7863e0c960b0884235a
NAW	NAW-3107	c2f6abb96a70741e21784bb310cbf5a3a46b266a579560d444e139c3650af7c0
NAW	NAW-3108	2a4cdf26527add8e699ed83552a6340014a4974cc3b9a4ef016f2daea7306f49
NAW	NAW-3109	16c6e6127135403779fa5e650f007b08940894c3806adf115251a29d1812817f
NAW	NAW-3110	df8be42ae0a48b692ebb9eae0f071e52f34d0fcedcc710d38ec34d26ff9a05ed
NAW	NAW-3111	519658c96f3762c8c06ebaad915bfaefcd0e7ff547f7bf042c1dfdd04484f94a
NAW	NAW-3112	04a6335e545ceebe1c4fdb8b87b4ba073e148c3b7297e0eb8f43e37311124a68
NAW	NAW-3113	6176ef7678fd29f8f6add2474bb3c9882aadcb3191f759fc5dfff7159964b269
NAW	NAW-3114	9937c8f86acb8b36feb614c105c713f6bb9241e6cbaa5e4f7e07a37187fb15fe
NAW	NAW-3115	b557e1bb8d0f4df815e2f4e86bfb400c5fd0a3d2c223a1c5883629cf2d2d78dc
NAW	NAW-3116	39ac74e1bda6cbc82047b1a08183b95112b64d8f7e362b0c0c50b21587181154
NAW	NAW-3117	79b6d339c4f819cde08e4b568fa00d7d264f91ac3290e4dc1226bd9b05e7f4a5
NAW	NAW-3140	07e7b3a964a6090e6febb7c9dc8c3941317de5e5bb4ec04b4258b608e461532a
NAW	NAW-3141	d91189ad290076d741b2a2e84c9ea8041235cb6f07521c5a29ca39834f3d753e
NAW	NAW-3142	9be2689cd08f4c9be38d7506d5482c1fc7c0ad6516694ed5af5ed538bf737e13
NAW	NAW-3143	f5a94c71397662fdeac311a08f295ce56dd7de5eb58dfa46771d62e1498c960d
NAW	NAW-3144	28ea2c2b0935450364cf792cf992970b0413d0bac658961f88e8bb1e734efac9
NAW	NAW-3145	d46500511fe0b8777ceadbef6c1d6642df3fc8dc171a15dfe2480794d4bf6818
NAW	NAW-3146	0c6c4b148a536c99189c83dff02681563f839cf3e11e4863bda308687267041f
NAW	NAW-3147	ae6cf38182ad1002c98223c0ab38c6c33a9695e66107186d94b5be03e8c4d1c9
NAW	NAW-3148	a6f55410a036e5effc494f1582a9caa3a927780bbe67a968d7e8bc01f5424596
NAW	NAW-3149	91efc8d3230713aba4368fe79f44a76573cbe6f1b4401382200f6beab5ddebc5
NAW	NAW-3150	a83041fa841f1a347514dde443b7ee52cc74ecb842caad4e8dfbf1bfca39620d
NAW	NAW-3160	508a00f601df8e2a988e2e150c656b15eee86edc951c6fd0e97d1e75779c71b0
NAW	NAW-3161	0569f08bad634b8ee7affca4911b99741bebf0e1ac4e4c3afca816f6f3a47c3d
NAW	NAW-3162	2713aafa1183ae02f56ab55363bbe5c271096151e08db3a54f0d8fe6b734db82
NAW	NAW-3163	6d4796578dcc4f58118fc628a3013303d0b66a66c93d34d29556baa1179ac77a
NAW	NAW-3164	b1ed7d6cc1d85f3a93782433f331257c4de68b9c0f576d435c498f425b2fbe61
NAW	NAW-3165	e10c82ec4688fdefe1c1da57f4c2f89b911315adff33bab5f03af4051667e6ac
NAW	NAW-3166	2c0bc4fc99ea463eb2847c541d9199350c9b30955364a65a62543effaf8fd827
NAW	NAW-3167	c2e230b208a0321611b944c70a32a571124d884c0d01f9bcce17d02336dc3365
NAW	NAW-3168	9182421efcba4f2ef7151a0cd06eeb007066b1085bf0a08b8a45cf2cff651aac
NAW	NAW-3169	1200e9dab2c32777f6454120904285ea746fb3148d5e4236101052d5c4422800
NAW	NAW-3170	f38d5732ad69a4d1baa48465d31fa97049215d3c786fc227b42f5f674f95028b
NAW	NAW-3171	041bb17cffcff9c9c64855d3fc93e302c168b750216e094ba71317f61f8c3bb0
NAW	NAW-3172	2f515b5e4b1ef1b8905d3622378fff01003053f21a85811a945bb299d245bba5
NAW	NAW-3185	f1cb03c71b6bd98170ee8ef5f0fcf2095def1b156cce9d26393151172b962451
NAW	NAW-3186	6496cf24f89c5e69b77003bd419d46ef41c78cad40fcbc1df2d59d4cef5cb626
NAW	NAW-3187	c24eea220b316a99e051bcf1aadae7e6eff48b5db801e8aed475fd438c260405
NAW	NAW-3188	bf75718d9b5725763b75031f4b185b93ae599bcfc498ce6f4dd4e4ad29798770
NAW	NAW-3189	03e153e871740fd2767e5c75ee69a271c83b8ea26fe4a9fb3e2a980b8bfd2446
NAW	NAW-3190	25fad5d6c510c128c280dcbcf723a0cb6f39a5fa809d473f2876d125a4acdf17
NAW	NAW-3191	fea560ef3b06061498a0af286db6aecd35609392167993d457d8610b8f9b4ff9
NAW	NAW-3192	168e8a7dac82aa305219b1576424408ec97e14efe8a3d1588278eb402a4a7bba
NAW	NAW-3193	0db6e33f9bfde43314b6240ea0241b42f327a66b3b457279c924380e993c1e63
NAW	NAW-3194	d7daa38151951abdc9e4cbc6bad757c8f8c6211f432e9337b99acb328a3f6e4c
NAW	NAW-3195	1e8852d1dcf2a8e3b94c4d92644ff8141bfb7a71665c580441bbf3bfe8d76875
NAW	NAW-3196	dbdb0181963eccf31fb0ded32a9a61dbd86c732d9dc6364d9b318b4dd64e8569
NAW	NAW-3202	4cd27ac94fa12986e43d94d6a907407c9c0e4b7c53ede4878342cfa402f1beb1
NAW	NAW-3203	1fb0a69065b718892a75fb3d47e47aab89a36ecfbf5def2925a291fa315fd265
NAW	NAW-3204	7e6b5e1ef74557d1bcf16b2f837d9ff592f45d8420a1291c1e43f199a1f4eafe
NAW	NAW-3205	5e8edc795a55cb5f0496d5996701e85ac02b2e0d087303d6cf57381bb5ab8f57
NAW	NAW-3210	f825f247b085fac382b933d47dece73f4417c282ab07673f4209c3d8abd0a811
NAW	NAW-3211	bc54e098e0d687648862f46200ce81f952352f236fe14f811493c236af3f8149
NAW	NAW-3212	114a67d832efeacd50a7298a4140613dd714b0628106752ebadccb48a8f5a1f0
NAW	NAW-3213	c502195ab8e7694da1a5c94a2e0402787e5943a60d362bf82cb6b48535e9cabe
NAW	NAW-3214	5b39df76bb3e18a8ce8a338b13fd3aa9191d5de49eed57700fb6a7ff50efbd9c
NAW	NAW-3215	95227193f5e3b39015045a80e2447f12deb53565d8cbc89e8320a8e15f3e623f
NAW	NAW-3216	1e88f578ab4dbca0ff746c32f92d063b45022974beb85283bf92003fd1832ebb
NAW	NAW-3217	79e70f76aaa52dccfd0e1cc9e3d52572c1c65881c9e60567b34141aaa954b2e6
NAW	NAW-3218	9d0cea4ee898087420af36862bb13eb8f92d112f8c1b8e29a9a17d60ff553be4
NAW	NAW-3219	747fe8533635134cd7b59a85ac24c3c229a0d5bc77977fdcea98c466043cf4be
NAW	NAW-3230	5566a1e6a4c8c5fca8a73b18cce7bceabb5b79180b4d0aa39b0e4aa865354254
NAW	NAW-3231	465d779d3557714b0ba7b236217ed3d11da3b2817f04e5e7ffb3e46a26d4e310
NAW	NAW-3232	001c60b0728a6733a8be60ea0573f38717780c3b7f274e55d859279685277ac4
NAW	NAW-3233	97e04ffe32e14ff39dfcf2dcddbeed33ce013163d39ca21f47e8e621e4185944
NAW	NAW-3234	6d67fcb3392be27ea9e2cb3eabac64f5cf5966faef9d83f10a37e266f0bfd0a9
NAW	NAW-3235	0fc6a745a3fcca99fcddaa93b4498f43db80072dd12de82a12cf04430c8879da
NAW	NAW-3236	b8e319be585e8a8d48d9aaffdac0b36d4dda3d645dd47f964b7f4f02f5250f25
NAW	NAW-3237	586e5dc70720b5aa176f3c5eb91c74b3027677d608ee7f73bf559791bfc3e045
NAW	NAW-3238	ddabe709c47d0dc6354712859393b5c737b99089e742269b837d3627de585317
NAW	NAW-3239	0afaf777941f8d8873df37a09db5182cf53ad4b81929098dd2af5b57e4b99933
NAW	NAW-3240	ede327d4807c0f93d8a7264b58aa93b4c75d07c78855664d06305b038e45f3ff
NAW	NAW-3252	3bb7abeb44c3c490190dd09919c75cd06af17147cfc14a9c87632284d622c745
NAW	NAW-3253	3f6d736a1f618bc5db3e34835f7527c41bc29f5e33ea76cb17b689c26d494cb6
NAW	NAW-3254	2e6a47503c6fefea684b82d3789b7e45a2d41b3c6b26234eabcab7a5c59dd839
NAW	NAW-3255	cf02cad8d53504120f0e6fa1fe2b9a72e33ed22e2b5f640c1d2e708bbd6207fc
NAW	NAW-3260	5cfa16403e0619d7d91f2507ea516cd7ee49dc06757f7d83b73e7e2e95fecd0d
NAW	NAW-3261	71635d903f7d162ce4c30f0483b429a775417a9446e41e6829bc98562e32b0d8
NAW	NAW-3262	5fedd17d3622ff9a309b3fa7a98b160985c1d0857b7f8f09a36ab5a4b14c2f47
NAW	NAW-3263	cf1cf031cf500cf2d6c71ae6a51f6954b2f6550fe6b0f28a1ccd0b611766d736
NAW	NAW-3264	e426cd64904f487cbb3cba1a3b420c3ddfbeb4e7b464d106a13c3ebfe6b85379
NAW	NAW-3265	20fb6a60a833df7939ea72dd377bba025109456fc05f2c836f1ac958a629a88c
NAW	NAW-3266	47b4b472f2fb810d12e9633058ef3178f3416a71aa2c6185de5b475dfba1d255
NAW	NAW-3267	53e6cd9b35b83b164d45063a399dc37a5e89457b9ce893f0cdd1d0085319d43e
NAW	NAW-3268	f2d44e98398a2400c6b5aaae31b5a48d26ab36da35e00b72a8732926c7a54b29
NAW	NAW-3269	cfdcd6c211038acb1a2f75eead7e747927e82babdd2cff0e472ff223dae3f38a
NAW	NAW-3270	06c7942ad66d416654ee2f55317c008ec8c02d664a070750b5841f3b78ef7efe
NAW	NAW-3271	5a2267651bfbd431fd7867a8630f7614638cf3b0177215be3eddf8622423875c
NAW	NAW-3284	1da55006a66d5a463652fcdd9053da221461dfe02aa97a65ca16005b20462831
NAW	NAW-3285	72aa0ced4f25982fe2cd446798b64848a5514906bf45af6b1e1ddf7b0a721785
NAW	NAW-3286	36da6bb44d04dc6f326ef0e8904fede209ca659e5d63a29d1022630584dd3a50
NAW	NAW-3287	7bb25901a5ab5638651f0673ea6b6bb8f77e0cec57e1eee4bdbcfdf1744ac823
NAW	NAW-3288	e6fc52dddf6d45d4b4265025c23196e62c699e64207cae49d6d38b3b9147276c
NAW	NAW-3289	33d14e93c509da138becc7cca4276dc65f018407ec4176562e37806915ddf27d
NAW	NAW-3290	118967e364ccb425eea2af02e7557608b55ab42722735bba7aaa967402b72d65
NAW	NAW-3291	ea154f0121a61dcf74246bfc7bd1cc6c4db3fd81e4620ba613f95d29d76ea6df
NAW	NAW-3292	feeafc6714502ccef8ab5354c1eac07da98a28e39b3e9c9b639dc1a9dc23d894
NAW	NAW-3293	4825adb99f733ba1df88cbe7a662adb7f8c6402a293b622a606a5486d2c78661
NAW	NAW-3294	0cfad89c7a302ac603a1d9ee792c284c05fe010c1ff84a39ac1cef73cebde690
NAW	NAW-3388	40520a323c59d9f918fff978e3f68cd67c23c7d5fb9a1e4fa9a3019eefa5ad0d
NAW	NAW-3432	d647a9ca7f6e79589c4932751c51471195033f28ea434912124c629d34cf6685
NAW	NAW-3433	573f16481ac4b28e967da212d520ae33b2b36e86858f77a51f5632c99fadc06b
NAW	NAW-3434	7aa5d1bda6f6149ccc9aaa5c3f228ef076fb28c674b5037082e82ebef770e6f2
NAW	NAW-3435	eef51a316cbc1d8b529b9249af5e690d937398b3b47f43f63f0cffb433aa6d55
NAW	NAW-3440	e2e593217cb1001eaa0b0ba03fda9aa94bb4137a9a24c500a75552543ee730d6
NAW	NAW-3441	237d3d495e20a2ea55a2bbf2c065afb9e6f899aeb28e8f908725898aacb50c54
NAW	NAW-3442	e5c5e64ac1461e4d30329b1efd45cf493dae95b23a1230cad6a8363d8f09d580
NAW	NAW-3443	fd7889d296007a3754e02e08778fb3c7d6dae8fd9c356c24cf853fe81d89f61e
NAW	NAW-3448	34f2f38c07664c6501dc96c461e37828ca18bdb75756565f25f483dce7884be6
NAW	NAW-3449	c567b3a483e5a9b860d793eafd256a4a33266f389cc91accb7711228ce4a3dc7
NAW	NAW-3450	473097eea6f03c4ea3bd76339c919f1581cc6659b600cf27c326a4ccfd0338b2
NAW	NAW-3451	5057b417b2ddf8f400be31671ea4d016ccd2f445076aad9e4c6e70474f96a0cd
NAW	NAW-3454	9b8b4141baddb8c3f9a50e3cb953d4d75d5b597f32ddc3b21dcbc99b7ba7bea4
NAW	NAW-3455	19fef922fde16dbe0fb246ffb1f52de295b9fbc93e6dee125ae5e68e47ccdbef
NAW	NAW-3458	cfe35ef2519c31af1dd7d4335a3ae56f611e5f78dced37957de38c7fbc2f5815
NAW	NAW-3459	d592d97bdc4f78de837cb64acc882e1dbafee9c4351966f817ba9061f3947b2d
NAW	NAW-3460	2b1849c74ca1f10e4b31469c938493afb2ebbe9efbb2722eb45a75be13a67aaf
NAW	NAW-3461	f1ebffe51644e677fe079bd316db7c4aba4292f30ce881b859de9d6165288b22
NAW	NAW-3462	2756282eac5be8af20dc0d9dfd24cb9160c0f6f22d8fd970e7dc2c246805dd12
NAW	NAW-3463	517e2574cee3b15223b932c9393dd89054055591d233e382bf648fa5d445228d
NAW	NAW-3464	f30706b28c76c2617399d060d5931636093d8874d5d746d13ce7f9071585717e
NAW	NAW-3465	fd078d822e3f87110481c9a793192ba36461943809f509323d46e23d0a5530a9
NAW	NAW-3474	5a53b706fedcdd4c06a9c93591abd999c8216a8f18819904d2e1445b21ecc593
NAW	NAW-3475	e09d9547410a5cc709f9d6cccc032e1a11b0d8b63dfcb196bb4bf87dbd655e87
NAW	NAW-3476	30a989803ace5469ba6c4a7ce8a2409c8f6ff33c68e6661ccfe03f8249cdc5e3
NAW	NAW-3477	7fd95e1a613eb3f3cfa33a7cf07f5b661508003acb13f19a0d06998e3881aa5a
NAW	NAW-3478	ca90eebcb14ffe9ebdd4b0123b0b74fa90999c066eb4efe387c831fafc57abe3
NAW	NAW-3479	1f35c0b649f709bc7d47fd9a4619616e5f8d19ae1162c2380e814b177da3f7ae
NAW	NAW-3480	045c17848edb63efb4baf91a1d238bc5ee02613efc42c3dafaa6a31fdfa462b3
NAW	NAW-3481	07c96e46d3551ca494d2bc75baabe1f2fabd2a055986915cc2c9d7409b6e1207
NAW	NAW-3482	2eadfcdf96569a041f32ab3ab8ff8521b0e63a49726c43b7922741eaa0f353d2
NAW	NAW-3483	a6f4d4f49c9d1a7a0a19a51a85de202df4afcdee38c56ba7dcdc30a08e09c7e6
NAW	NAW-3484	62248e690e4b0458c90ca138a39c7050c27fbb688ba22870c47397b06b883c16
NAW	NAW-3485	b56f4746e39973d385767351315fb263b3660c75ad03923f4372d22a4b511e27
NAW	NAW-3486	616199b296bb0aace00c578963d9681332ff8888c54c0a7c9b3d03e3f880c1ce
NAW	NAW-3487	202a9f3d0db8c437e332fc5d1ccacc9dc1b4b327844f1f4feb6acb735f5bf3e5
NAW	NAW-3488	f8088333f806178403637a6c440afcc597ff15a1b1afcca88f18f9c4f8ce85a7
NAW	NAW-3489	fee3976599f0c9a26f9e17e48bd5f5c1909f293b15664a181d6be37822f7d78f
NAW	NAW-3490	e7e8a990e03594b6d4db25133da2805655657b3dc5fa70cd4df3767cd6646932
NAW	NAW-3491	cf14762917bc81c52da6bcc1ee54712facb7c15b47d9b961ec47c9285d5981f0
NAW	NAW-3492	6acbfebe27f541c6f44b5629b89be96731e885173a81c6927f3958ba07b66d88
NAW	NAW-3493	f5101b3bbfc064e365fcd558bbe94ac95f8255f33c0d521e5d67f82d5f493150
NAW	NAW-3494	a61dc6c342e148059ae0aff05f10a6da1445d7973e18b84cd40fb8d6c08bc7aa
NAW	NAW-3495	944839671f956e3638a2740d44babe01ad13bfbc1df4fde6c8f439c9d3bf4f0a
NAW	NAW-3496	e1fe0527fe587aefcb497d90cbbb5875b403f75a5209ab24cf6261f12aecc1f4
NAW	NAW-3497	72ea6789a69e7b938cf215e543a4d49bef45b527d26155aa355f97364394a6c6
NAW	NAW-3498	187f44b3339827fdd6671a0375259daacbaade02b23a1dccaa345ebe96cfd16a
NAW	NAW-3499	7dbdfa2423606039b8de641375be7cefb0a3e8576cfa8a1730e12708b4dacb78
NAW	NAW-3500	2e27cdc097ce36d48666aebbc773f25074ba7851cd4ca88eeb35703799cacce7
NAW	NAW-3501	303dadf0daab51894c3b69c2097c0e386ea9d78b28eea853882055ceee2fa03d
NAW	NAW-3502	3083fbcd8b6fdd9caf618ea83f5d13a3dd6439129e3024352ef3f95fec7e1ea1
NAW	NAW-3503	065f6f08cc902ea416c84d42ca62b87e8e34b6a1c94542b0b7b0cdb83d5253ea
NAW	NAW-3504	df96d8be317e95c7b652890cf08257cc98d4076a91684125cb41bbebbb6511e9
NAW	NAW-3530	f08ad6148e0623fa1b633712a24bbee6c25fbac89e40a3a46909ce7dc27d1c02
NAW	NAW-3531	1def4fc6af5260965f674683e66ce8a0c9397c90e55fce02a1792417c86485cd
NAW	NAW-3532	e0301708ffd5a21c5c03108d4b97612c118de47038546e7a00057a4026c08fea
NAW	NAW-3533	e650150b67ec5f4f84f14178aab49364c754934bfac65c5211373d4ec00e0839
NAW	NAW-3534	bdc24586c407419ac2640ca7246e1c63f12e5406bb194d40aaa2f2b25f5b2522
NAW	NAW-3535	25ebb95858bd332e71deb50cb4d8a35df608cf764d51a339f3ac51cfe166e334
NAW	NAW-3536	a7fefbbe41dc39533a1dc516df3e8087bff462e45ab696e0deda72be558a0433
NAW	NAW-3539	9f97d6314471b531e02b65d97be42eb53bbcae4d0f7f6514dce343a28a1583b9
NAW	NAW-3540	1dee9f3a4f60bc43cbcb13cbc1adc17784c497512e8dbeef619a11a206e0aa30
NAW	NAW-3541	d9a6a384c1e009e106e1b88596f1c5b5ffce09b6e66128c794293a9ced85fa9f
NAW	NAW-3542	e61c10009d0ab6fdf60dc74d66a0a04fe7a89f228cafa593693e8c0377b67511
NAW	NAW-3543	b696ce9cb5e7ceddf8a81fc26b6ca970e9b63d651cbe2d409760ff68fcf99432
NAW	NAW-3544	30871f75a61140214555ed13bfc63b7ae34c0fd6604e4623233ab537065747c9
NAW	NAW-3545	5d0a88e60a01dad160284a44235017a669c466ecbe8382ffd6bf9f80fb11fc19
NAW	NAW-3553	b7c48a4015f6e2d06c97c238c3e4d8414de828c5eeb617da28dae4e023dab144
NAW	NAW-3554	ec500b3c6abefe081c58107a40978f84e050495f434167c7070aae4dabef87fa
NAW	NAW-3555	d7c43f53ac8dc2af2673fc5bfa98d94efb0f0ff50bcfde9f744cc315123d6279
NAW	NAW-3556	e1afe3422a99113928f7b71694ecfa47ce6f2c7eb415bc14cb2c5be8c88601a7
NAW	NAW-3557	e3f9c0f92db4e49e9e4902362897df2cb654bebf1d91033ca0c4c643ac10c36b
NAW	NAW-3558	e09014ad206cf18151dfa576e169d1c5a9061e96d4fba4d9e774ca6e170ef42e
NAW	NAW-3559	d83b233e60af081cf8544a3674e58f3cfd4aec79d98b4c248f1f64affc9be8e5
NAW	NAW-3567	27d46cd18b70aa3a88f8dc044f7f5e3bb4079ef1ce24afffe4f4b0cc50167f08
NAW	NAW-3568	661d676107a3b899ca9a328ec543a88d3c34417f0a96d0d221b91ef71fb23eb8
NAW	NAW-3569	ab51fc233fb45df454cf9ffed26b6ab2456ce568900c8e935862925ab73945ea
NAW	NAW-3570	386444385514b0ed2b3a5332ac714f258b6e5e8b8b6cc7250d23cd80b5d6c181
NAW	NAW-3571	148780edb20469bc85d34c595e3e98d8caaa4be33c19689230c53c99ed0589fd
NAW	NAW-3572	448c0619f81f7a44e8103150abb72606a0d35e0f59b47383f55e9011cc84c66c
NAW	NAW-3573	46598137f786f6dbd6e36af817a7ffcef352891cc34f7f51562aea30219896df
NAW	NAW-3574	0e6b641ee6ac51486c99ea2913a098dc976b40e0f19cc027c554121452249742
NAW	NAW-3575	0a60d72c808e5cf2c320df70bf0c1fbdb437b2c9c96d29019c78df2c7c38e171
NAW	NAW-3576	38f88b8bcd957cb5d944c09098274b588d5512e895279dff7a1098eeed85b2ad
NAW	NAW-3577	4538a7fa9e944cd14348738687eecbeae8b92e5e847a8087ed92c73371933edc
NAW	NAW-3578	60d389e9edf0f1ced75e0e89b2443ed68d2c8916a23a259ae087e5fcd1a3e16b
NAW	NAW-3579	7180c7b164aa345dfefe0f2c5245bad98e51dd38b440a6a7d9f9aba46f7e4509
NAW	NAW-3580	8a356644b20f87e8fb8f9593a1241db35d629ae15398394168d233cab33428e7
NAW	NAW-3581	efe52c4dd61dd23cb5b15a0ffb37f3c5018c77c91138aa6aad0e2c6020d7c097
NAW	NAW-3582	7b6f70c79f6082aac049465ed237de7a822a59609cdce3ce71cc135601da4dda
NAW	NAW-3583	d9dbe22a610c249be42ea095123b517ebddf544300c9c7dabde65c8e926c5dbb
NAW	NAW-3584	9dfb341f79c255864baa40364df80a7d511e6a9729c3ad8249e76341e2bd88ea
NAW	NAW-3585	28f6fb43210b82ff19b46808416441f747c075fe232d5317368f80fb4e2b7cee
NAW	NAW-3586	6be3381eed655cfcc93e443c7a9ecaf9dadd492f58d14cf532137f21f9bfac6a
NAW	NAW-3587	c59b556c502393ab61528527cc074e511e17088644627e4c110f9ccd95219869
NAW	NAW-3588	ada97f670e94f1410bf5a4527a999d800267e55d886f82b1300318356447177b
NAW	NAW-3589	27c64559a9c0db024c5941e186e4c4990e5002f1503ec0d0e48b0f9676b74c66
NAW	NAW-3590	172a295cc0c814596e66cb070e589cb6e73acc35d31dcde48330f92dbe4c6da4
NAW	NAW-3591	79c7b58410f908925d7cd373db27f9552ad29a9f74feea6ee5fc2f0c66a8fe5c
NAW	NAW-3592	ed6cdfcfed1faab87a3d66ba3792e2aabc4024097a28fcebfd823c018e8f5361
NAW	NAW-3593	fcf1cda014170ce59a40a1e0f427c09347b2c994b82587ad864c4aabb7bfee42
NAW	NAW-3594	cb39a3e527aa977756c42d63384d8d741d9bbe79c73250e24c0428d512ef1f0b
NAW	NAW-3595	8d8b2ca0cfe509b495e79f5de53230932de913308850da4cebf97fdb71735b0a
NAW	NAW-3596	f80203b2fc162f338856adf2d871bb8e893685b6d4b354f9d9dd17b8175d0c99
NAW	NAW-3597	911845684ffaa807769f85e6f9a2d3e2eaec7a72aaf18ac200bc04bbc4195417
NAW	NAW-3598	5e1b8c771f076639322bbc372de39221ea6903c8311e99fc11ec8176c9bff121
NAW	NAW-3599	8030f9a0ddaf36e760d0703113d9eab8441b3f27a8269d73093fd3cb81de1188
NAW	NAW-3600	e274fe1abfaefd5c5c490a8b0a04e5e83b749247bfc5b8572823c4107bd29669
NAW	NAW-3601	0730d6b15a614806f15e6f3a72ecbb6ed69a9ade457a7c969d8075545bf79422
NAW	NAW-3602	6edc3aebf1b28c2b73d5abbc4632aa02f67af71e002e19d992c4a4d149ce2510
NAW	NAW-3624	efb2bdb26fa80c8a768fa6fc66cc1d9a6c82a65074dbe3bd90e151f0bc7d599c
NAW	NAW-3625	c459819e5730ec29ce4556347f3ae9e3a4a543f7a844300e88bc7dea3aa9f09b
NAW	NAW-3628	3cb80cddd8de5421539c65be3578e3cb2d7e87a5aba8152725e6ba106bdd386e
NAW	NAW-3629	355b2c1d4b152c0874ec7c66f8f6e34f6aa2ba446c6b0bc7ebf6550fbe1475b2
NAW	NAW-3632	f83539ecd6a83ad36daf35af6c7f5a7b3609f38b2bd6298896a633d69cd2465e
NAW	NAW-3633	c902b7097a6f9ad99cee937d2fdba95c8511d70d538b3f1f3171bfb45efa43c7
NAW	NAW-3634	7a711fe66b3cad6c10a1a002a47d7ec46e65a9b1c15b3883638ca2e741f962f5
