FB	FB-2743	207b93ee26b866c8166f0e64e60af47add05302035ad0a121e21949963d1e17a
FB	FB-2759	047a5e80ff69219e154907f24407c6f37864b70bfa3574402e3d08576ea8da08
FB	FB-2767	c9545a68ecb3dfef63f5189a4cf43e7c172d7f3593a4d7af899af04fb810ae25
FB	FB-2768	7b76889760b4072ad433ef3fe2572847691493eaa83b4a1a30c31c758307c248
FB	FB-2770	016a6866dfaf42e9a1f2458f0425842139f9f9a05b7e0cc00903f877f30a8f35
FB	FB-2772	600dabbecf088d09d42af760a632e5168e885e392c18dfb63aab7cda73c6cea1
FB	FB-2773	6e7151dbeedccb5b816166f5048ab8999d6e03954976dc83723ec5ee2a5cf754
FB	FB-2785	5d6cdc4eec0fea5f14811537f28c6c62e0ed47bc0899c06d951f948cc340bac3
FB	FB-2786	7de8e812a225050a9cd81cfecc138e4b185461c612f51fa86b51568e2b72f6d4
FB	FB-2791	a249cee3747a89764106be633093db744024a7c6370e79fca88c9f389b3a035f
FB	FB-2792	e1b5c769438a1800b7cb01dd216db89a62998d58c2d7fe5a34550928c49459fe
FB	FB-2793	98f070747a0b4848a5ea693dbadda9338b9460f8efa419cf2cb51e851f653bb8
FB	FB-2794	b58e3eaad1f5edcac5b694c4e0fd28064d399a17dea1fa9a29e29eb3948ef042
FB	FB-2795	065962f51c329d2dd1209b0e123e1ba7213a0875057209ef30e4c8a929b600df
FB	FB-2796	b6c4eb979be4a3f5552a325275de7aba5564716e8ab4cc3c9d75db01c0088c89
FB	FB-2797	2b338311817ee2288bcc4db25f130b2bda8b80ef7bf8d6b0f9f90f49e968ebbf
FB	FB-2798	2153765b640b53a111a9ac77f287a62b003d2686d44edcfc0462506f3a3ad4dc
FB	FB-2799	c7c74bd187343255233814f2816191ce732124a53917881ebf3f45d318319985
FB	FB-2800	6426b48415d4dcfc8def88893d6c2558c763aa896577da2ac7f8901b961d1c2e
FB	FB-2801	7b7bea1364ec7c914826fd7908b730c0949daa1df36419267d1d4c9f6692d5e1
FB	FB-2802	3a989a16b6b411e0c041230ddec2277998c97fcb060ababa56369b63fab4d119
FB	FB-2803	03064ae8f18b75f6a8f0f6c30b8406df4c62653a7e05291f4d9bec042973820f
FB	FB-2804	9350bbb2c9c97a16cb46a743d37c61c2cf3209017db6a8379d8fc3df331cf7a8
FB	FB-2805	a0d911718285e7290e3480888cbc3cd0ae7823b9d3a2363599c97149168b054e
FB	FB-2806	5eee25f80477f26f0de3b2d2aabbb317dbe60d4588d2129fc7d70a9da1aa4d4c
FB	FB-2807	48e2c313a7ed1e4c87e4f1d56d70571a81f94922fac21ede6c8241d50c56ae37
FB	FB-2808	5cacdc4fac617a94b1e6a646c7a342e4eedeb6a721ad293b4e9d2da287321776
FB	FB-2809	a0c989fc1f1d51fc43f4c72a06352191ed826b365fc44dd3c39b7ae0de89fc93
FB	FB-2810	1248f822a7a7c099143d1ac49fe3da39323a81329609c3dcb63286aa64a3be94
FB	FB-2811	ae05e09d3f63b8b3ef082291c5cf84f8e7cc68b8f2a1abb03effdf15d0a84ad8
FB	FB-2812	d9b6a51bbf28419b39797af2be105298d20271b10e783243648e90301449b646
FB	FB-2813	d77219f4992ab72fc126cd0fdc717423ed7450d622fcf3aa74b75d77aed2b12d
FB	FB-2814	b7618481a1d695439fd3ab2e4e20519e3edd51326b732d4d6a3df1dce73e7dac
FB	FB-2815	0b1442c9e9d224015ab20e075508ede250c1068bc795abc1e4248df18475d839
FB	FB-2816	ea7adad7a71b37b1f51c3b6660f38fca77008886813d7fb95e1cf50490898807
FB	FB-2817	7b68bcd3418232359e5fb6cec8450f94e7468f81e72b546b74f40d9b9c0ce37e
FB	FB-2818	e61f9306fb6c2cb6b32a3166f002c654e641016afc4d3a4b3d1dd0fd64df4f6c
FB	FB-2819	54b0fd43b2e0938415a720a79f7f4106092eca80db080091409f5b375682e668
FB	FB-2820	17b7f94699778d3e11b47c8bd47eaeea6d6af320c1e5527ed0fecc3fb38dd7c2
FB	FB-2821	cc41d8df76a5141283ca7ad9101ef04e14fba87f107e4cd53068b3356ff6e694
FB	FB-2822	c274bc37615dddde73fcdaec3b8e9a9c77da40485822537b74c2e6953bb54221
FB	FB-2823	b944017d09a1ee0821c8d104e490547217d051fa1462d70f707dee573fb6c328
FB	FB-2824	7ca0ad4c825b21a1ae0d5d8f003788578a32e46d8fd15cc51871e9b6d0428ae8
FB	FB-2825	e34a39078ce2b2fad1ba1b4d42df732fbb711cf9779aa2265a5f9a70a4b138c1
FB	FB-2826	2f50d167fe2492f89b4ee3255da90ba172d977a43c5c78b0ce45e4619835c9c1
FB	FB-2827	cd2234b90b43922da9047bea9f10bc1460f4f1a2ceeae2dd0f17578ae2d59129
FB	FB-2828	ebdf8f1e827a00b7a1629d5491c58798927211d8270fec26b3213d1d2d8ff748
FB	FB-2829	ba2c12fc93eab9ab42a4b24bc37bed4f6ba3b96d4d30361958ae79e97b06e49f
FB	FB-2830	6c68e6272a1a55af61ec5ecfad215bb254877388668755b6a6d09f2a2438dbc9
FB	FB-2831	0c13462dc43e9a7e904b6918e0d197e5438e62ff7db2be0df2ee6fc77a30f897
FB	FB-2832	be5ee9bfda28398118bceae998cc96533808f52b7b9456a6cfe567dcfd430770
FB	FB-2833	5dfbb1afd534448b8c6912868a262f741bebee9132def0b2716dfb7b51cec93d
FB	FB-2836	e9b762e818a5828b52b26fc2dc835ab4d2d2d374744c2be8c1a782ce80988e29
FB	FB-2837	1a2d8b9a0ca10378585be189c2ca80ab509d0fe3ec870e4b26428f5193e3278c
FB	FB-2840	db28ca09b76baab54a80f32fa071e6a1fff0b0d8542529a00783cf494ae97508
FB	FB-2841	68bf6a90f92123d16b9c3151bb77225efd2d4304a07e0117283e5f4a6cc58f32
FB	FB-2842	7fed12a05cb3deff12b01fb08e7dfcdc2f84714d340c0a1c5bac2f82bea7fa68
FB	FB-2843	d0045477b70fb61e2b93bc853748ffd7786711a072fce3a90f552a176e00cd7b
FB	FB-2844	56b449da2d044cf349ca261cb4034cd73750a075bc04fcca6b9b4c8e671644b5
FB	FB-2845	42e2ce89d5bbc5534991874fcd929a2b64b3bc31acfcb80d62f567944b3001ce
FB	FB-2846	26149d38fe32daa4e7fd459d63bb9397c1d49677186840fef6ed605e60425281
FB	FB-2847	c0a4d89b51e4f4b3be40f13f38f2041aaff7b4e542a904a1a33886eb28286b60
FB	FB-2849	f2ed586b5c2142d34c95691772adf58dbed8f483dcbda526050b3aa359b7b562
FB	FB-2850	821420763f50ee5bab5aac76ab53389fac95caaa1b176dc5e9026155794406ba
FB	FB-2851	3cd2e0802464456f8600f5b7563d9baf15f93058989f84b21ca355899ac982c4
FB	FB-2858	4dab99c1a7854c63324595a882250fd2043510e8b2340fd175b115f58f5a0d6a
FB	FB-2859	7977c9039b59fa8bcb8bbe357486cc9edaac05a07708466b54e1cbabcf255a75
FB	FB-2860	4823562706902497fa2364ecba0fc476dd482169b80f3f3babcfb292471c6bce
FB	FB-2861	4b702e14bb61290ca879882c66d095895775c58935a1a6146ce86c2f437d0db0
FB	FB-2862	78f82945f3414640e6702c9d7942cd8f1fbc91f611a7adc37c8dd0412e5780da
FB	FB-2863	8707fbc715c7c13bf3345b59051fa22753fc0f0ce28cad36195053e594c9337c
FB	FB-2864	92d794718891ea4aede7f889158b8dd06dd7ad3b5e626aeb767561dd06bf098e
FB	FB-2866	81f4836bb7bb72486fbdf1d3a1acc26d5889ef340a4f9fa1000c92ad80080ceb
FB	FB-2867	5e51c0a7d84f6e4558d081ce55bce66d22b70155673d43eb543cd82e1c45fd09
FB	FB-2868	d4c952d42ff63fbf49b2d4c4a3b29d894ceb8f756548be9bea0df16c773c7473
FB	FB-2869	4e803735ca522f07b0b9e499ba69ed66bc455d3d858c8e24fba9ca444c3de841
FB	FB-2870	11a484cb178c4d51b1ff0f7152f201678c36143e21dccd73e72a4fe3f4f91655
FB	FB-2871	4eaddbb1a504c92cd51eea18e0958ea21b454c70ef223c7c8c9ff401ff3d010b
FB	FB-2874	02dd5d1ec6829ecf736cf39a5058ca22b002e94bcece7a69fdaf49b03705473c
FB	FB-2875	9cebd423cec856aa314ba295c9322aeabaed56f521f6dd4119d61426790432fb
FB	FB-2876	9e4aea421ec3558bd20b7fd9a13b2ce8921cee5e8ce4d51e10adb51c4bd476c6
FB	FB-2877	5159b5b4a0b5e70f34752d58c7a17dee5b5726743b2c0a8a33b6d0d09a1ed77d
FB	FB-2878	184f3257b84e396c3a193537d7fb52f4c08f080749e95317f153c65de840aa3c
FB	FB-2879	0a5872df609d43b8d209b1d65ab1b9a6458e3b2eb201ee9924efffca13b22a7a
FB	FB-2880	84cb1c6f2bca678bf055aeba8a87e9b448f32927cc123f5359dab5ae19162df4
FB	FB-2894	540c9ffd702526a61d136379150fb98939739971c873acad9939153ed81cbcff
FB	FB-2895	ee209ec38b7ecc7d70cce915c8c91e02467a7b2d2965b0b0547c93a88ec953f4
FB	FB-2901	55883dad2ad47d88e128ff5c03245e35a308c466d4d06d00dbf91fb9750ca94e
FB	FB-2902	6095a82e67498caab99c3f964942f186f04369616770580c8eda0e5a3ba5ebf5
FB	FB-2903	5a46d695b26d7abcde3a696695498f224b8f67a494a4b10dde39e01814a70c0a
FB	FB-2904	f5ee6a1cdea45761022edaf925c5cf3a2d97e15f23e591d015d7f393781b5d88
FB	FB-2905	615a90cdd8b6025de452b7e2ba647a23198e6fe890e21e9b6ab67e5b937637ea
FB	FB-2906	6b07b5961bbc1b308be7a77aca156261d64b02bf5861f4d83b3a4ed704091746
FB	FB-2907	409ea3a149544f25c1492114696b193eef2ed62c497ec0720650e86afee156b0
FB	FB-2908	3f801b20758db6f5fb8bb772fa8c1db8577138e87942ff414770e36ee3c2fa7c
FB	FB-2909	893e8f05a590a6abb8d1954e7fab9822236d5a16d493cf135fe7c1cac4437817
FB	FB-2910	ad27b9ccf5817e92140f649533c29107bf8de660eefd8c2ac2a76c54ed2e478f
FB	FB-2911	5e139a2364f9828c6917cfa21345c0c4d21f7c9e7ed1f75104e30919a94e52d0
FB	FB-2912	dccaff28e038b8195f397260cb6f3abfd832b0355f61fe16ca01624b38d7dfde
FB	FB-2913	acb2f7fe47db525d1ec416c33356b516f0e532d1da91c6d1b252d0f9c977f83c
FB	FB-2914	d61e65d48c7c9c178ff765075e59388b60df17b910b2d3e58d1e829684004ccb
FB	FB-2915	10720e5cc82b6469ce71aaadda40e34825e93230dbe1a1f376c08027418f6ffa
FB	FB-2917	c2f01a48466bcc36cab59d32e49415bc8ce7d9fff4f9d53d068831a922609cc5
FB	FB-2918	c85e636a750fe30c76715400bd9757f8f49579415ce53d78fe94adb39aa0c713
FB	FB-2919	94046b141631beb06e63a38888f99efebcb4150bc9aa41b91843878752264b74
FB	FB-2920	745bb6e1ab8f9e69988198425eb77d32a85def68e8858b56f247860abd197435
FB	FB-2921	b1555def98e051f0378273def826ea123a73443b5b0cbdf25e4270feaafac78d
FB	FB-2922	c071d0e355a760b72af61d92371c7b8467c343aec7e3682e66700b20208d0dbe
FB	FB-2923	ecce20eed48b3abd5ee8e5b53aa4d8a8650ea9614c2d7ca3ca1e46740cb8d907
FB	FB-2924	9d4ef66cd39f17b2a8a865d2a1e7b7a5ac6b93fa0aee8247bf2eb57d589262bc
FB	FB-2925	01aecaefcad84522fa73b0aa30082f82ec20f6cdaeda5feb02d2ee303acbabf0
FB	FB-2926	b3e64d87105a2baa83ca47385e3667b71228fac8f6da8a607b13e0d85df0f637
FB	FB-2927	9c857fc7651257070682e0e95b7efbd75e5d329d75a7346a83408bf88e7a9ff2
FB	FB-2928	44e7ead708b9b076424d5c7da4b47cfcaa3a0e940c04579c27b69297325a1acc
FB	FB-2929	a0f99fe3db8146f4ce77389e3951ad1d892ecc0343dcb713578078a8e9982923
FB	FB-2930	d85ff8768e9e2e5ebd49554b931c3f53693987cefb6849aa9f40af1a99b62b7b
FB	FB-2931	d16558a812c9dd87309398013155008c2aed30854cb3d5dc60219991da51bd52
FB	FB-2932	df05ffab47ceac85744d8e79bb853289d3a58bc46995b0c178adc32a77c829cb
FB	FB-2933	b62e3030752debc8f6e9f415968ad56750f19cb543a0b3c042f94a72e114dbbd
FB	FB-2934	6185841869b0dd5e9451d2d956e42c0eaec3da76f78a9c4b27c6d9230ce58398
FB	FB-2935	356d8c19af6783f947c0b08835b1bad194475a2e6df868b6303fc65881e75fe0
FB	FB-2936	a183ef178cfb3b92a2f6ac2a3a01cd7de3a7c18bc55d4158ab0513a8bef31426
FB	FB-2937	c26c069436d73a0ad637771e6cc641d95f39002bcf949c92d3433244ef2b8b0e
FB	FB-2940	73f80262f7b1659fa48fb71aa466128058c56f8b156da65d89308f8bb1567236
FB	FB-2941	d8c9ff7850941c402cc7109161f3e4ce356ded9b5928cbbff1b43e8bb7a86322
FB	FB-2942	601ebe9f40f2c23ea09d6174739ab428ae48f74f2aa4006b53d63bfc52c7fad8
FB	FB-2943	a3de9262ef720f9abad9648a1f34443040b2a321bdb8501b098c83a35af6e58e
FB	FB-2944	602bd57fe20e21fd89fb0744e803870ba6010d5e12f32ed307dbfa14e5a7c2fa
FB	FB-2945	e82a0882e95e3cedc5f206aed11bbb0eb385bf65d4af053f47cc589bc574bf17
FB	FB-2946	6dfa44b30867b8f397bca668eb674427b408b9224b655d511071b746c3395fd9
FB	FB-2947	96456ea7efd729119523e5b90326d2a7693f2462d812864be6aa0ebd89b3ec19
FB	FB-2948	e40ca920799e3157c545a2e43b2f529b238e2720d12080f179b7e457f1a80e02
FB	FB-2949	8cf0e64d88f45c568b746ca8586263490da194b2a745cf1fb4c199b997916cb9
FB	FB-2950	fbeb8cca0a82d71b268276116398e4bd12b55da03345bbc3eab8f5dc64feb33d
FB	FB-2951	286df99c4071770e890a0985bef3eba66905432b0f436ebdcc9cf067bb16a3c9
FB	FB-2952	a6d144ae36d00c336ac9623aaa7f918f5bef386a23aa7d6ab755b34686a5918d
FB	FB-2953	a94b6ca812570d9742687fc4a02c8b0f525342faa319a4df8ea6452dbb1cf4b8
FB	FB-2954	62a0d83bfc4b81ad242202cea591d4d7c1f9236644e18e90ac48e10a89cdc9b3
FB	FB-2955	ba3111d1ef17596831d0d506fee7a928532d71abf5e127b620cb5b2b17fa4082
FB	FB-2956	15321347e27de473a472b42c65004aa554b8f050b35f1a7919320c922d5712f7
FB	FB-2957	eabea4beeed877a1166158f345bf67b0066e46bc160fa8a29feefba5113d0148
FB	FB-2958	ca81c69da27078d38086403fc1ca834734c9a387abda7d9ccec48256c7d5c219
FB	FB-2959	349145fcd75ebd8e94a845ac7bd22520a3dc93c50e29a53fddf281381b063995
FB	FB-2960	42d3be8b7b07d32e3236f015eeffb5d18c9b723b05ba4b8f0164079606787aab
FB	FB-2961	2966e01628dfa9d4d9d44dcf9c2c103c1ee34f714f72bd9df80468b560ae8e14
FB	FB-2962	83aa958ec69d72b73be0712d136b1af9ce87fc808b3a4b4922553732f047f154
FB	FB-2963	0003e2583f54d61cbd39f69492e7d0c2e6e9de174a3403298d455ec020c7eadc
FB	FB-2964	6940ff4beb26c48a77ae72e263522cabacbfb9117ed7244274967f51815bae50
FB	FB-2965	8cfb2bf0c5c6727fa996a16473dffe8e200293dbe0cd7ea24841c55790767ba4
FB	FB-2966	079d13a1f917d0fdb2e68667171256ddc993b4abd96e35201f90bdbab9d279ae
FB	FB-2967	c5ea4b1fa4f9ef2d82da63a23e382782ffe257d76153d456bc250f054ff9b865
FB	FB-2968	8b915a6656baa24f7a41fc5416bc6490bab882ce9de90a15d29f68b6fadaa9e5
FB	FB-2969	768e031f4cfcbb11bffcfef0fbe73a4086d7421f09cef127ab1807e6e9e2f66c
FB	FB-2970	47d906b5bc4e4748c05ff0746f409cdfa605076060114da308addaf83d4e57d3
FB	FB-2971	f2c368bc4d356faf45618b63139bb2426912c7b9252425e880444a7cb1ef4f39
FB	FB-2972	33f3e8aedad696736d39280172f4d3bae0f8f997b537352fe4c0c3bd70a453ff
FB	FB-2973	dbd2aeabdbf85f6952da94bd6c1bf8266ff0d5ac9220c46fc01caa44a7d7cabf
FB	FB-2974	520a68a67a77db5fb4834aa702ed0d9dfc54fd4f35889407e46df0ab4ecb70cc
FB	FB-2978	a472a67f950ff81d331bc51deb98daff3141249ddcc9b1894a7ede5aa67648c4
FB	FB-2979	5718742f1678ac47af36bb4ee650d74612608a9896f576517e53d92633588925
FB	FB-2980	03d775ac3dff3d3b098b379dca203f377a4adafe226dc22e5950931838df74ea
FB	FB-2981	aef19b548f5275c0a71e3c1ac07bcb19c83617a41e895659c0333832d961d5cf
FB	FB-2982	9f7189b3018dd58bc93a2effb71371cac21d06dcbe58802128f3c23ade32d7dc
FB	FB-2983	fa7e4a80854e49dafd53352840874fd886fdd0ebe833d57bcadc29264d6245bf
FB	FB-2984	a36802e8bd85ab29cecc74b3b182c04881a13aad866305183066e08805983b7e
FB	FB-2985	10bb23ddf6049e079a4c96842865a8292c51c62dddec5584c032754a7ebcccd3
FB	FB-2986	8bcfe7aac67fe50e10282a8bd8a694759e14dc30442c223ad8b04ccee0d22e37
FB	FB-2987	dd2df3210400670fc2e8367b752d8341589ff00f47ae4a244eea9d291b71f506
FB	FB-2988	da2bdcf795b7d7a814824d1a78ca9f77eb0fae275774785f69621641bec2fa99
FB	FB-2989	3b5dc6aba1958f1cf8d2051cec5a54e91a1137c1a763b0c3f94014eb80f967a2
FB	FB-2990	bc21faad30ab656d09168a1e017a7b8de8bee55c10f03a655be79dda7fca88a6
FB	FB-2991	04fb1434cdbb004a0ab1e6bef02c139e63d64db066ae93e3ed4669fd532c91af
FB	FB-2992	f7fb70d648e7a8832d810ab7ee1fb0c7451722778f1bcb781f29f92fb33bfc73
FB	FB-2993	4f33eac04ffed0eae0bad14fc664171b33ffc4cb10f813c66d33deca96a7c00d
FB	FB-2994	92bc4a2e7a6f8b7de0843a457ae58c0726334f5e4304e3b01462fdb6c4352e54
FB	FB-2995	f8c19bda5ce26daa1595a077631b64a76724154f363f8d2f76740b301fcce8c5
FB	FB-2996	932be9224fba0aaeb3da3956971bbd730fd8929a776e28bdba9cc5d7d70cb43b
FB	FB-2997	73ef6cbdf81d4e3ee2c747d9d15a5ff43da01e3658bd42d592f848f1ca99f73a
FB	FB-2998	effb0748dff66f4d8d5348a916ac478ffa9ca77717f275e31af6be6206bb9707
FB	FB-2999	29f91f746f8fcec51333e254a1da035baf407c8b8fc846f73378323fcfcbd16a
FB	FB-3000	4fdf44126f7571cb90e216939aaec3cb45ab790ec86fa71f3f84a50971dccd18
FB	FB-3001	66ce0ee09c9c71e5d70e65c5a583f7df5e8cf5c69db4796746af40b110bb1aa3
FB	FB-3002	0251f5b8b1490676858d4a39d8aeb84592aa9b31835198aa6fb787b3798b0672
FB	FB-3003	d155ee7299a90c9a2cc39e05c2db660ee8c3c2e934031019b046d22fd5e4129c
FB	FB-3004	c7708a7dd06157e8055234318689091e72288d3a92dd7567277d95c256885e08
FB	FB-3005	ebbdea1d46a52b7c05c5e47dd919cbf9d4d0614e68ceb9011b1f3ea4bf14cd90
FB	FB-3006	cf9e4d9893e80324b1bab5703328c0aae27ae3c237d5b4c2508b82802d39e177
FB	FB-3007	4b97e75122ab71dd4782f89566e19337f9de46e31d2225b49a2ad474c8e74ade
FB	FB-3008	282887080d26af2c6d614ef1e8f6d1e7000425a9606feb47c5ac27d37d6cec35
FB	FB-3009	6fba8300e6c40f9a6d1490039638753df94491902cf071016abde90fe100debe
FB	FB-3011	aea64e538ac97d4b96acb31e06a3af258815c1449d0a36ca92e97a219da60b98
FB	FB-3012	341692261a66f9188b64410f58cb086fa5b16a6069df15552fa49ed8047611d2
FB	FB-3013	346007c8bc7528bf65c20d571a4d4d445a13f271e50ad6a657d69cd745a3241a
FB	FB-3014	ab0219d8cf72040131a03476b580f3c7e0faf5fa7cb90b56cc9c74e1d0f498f5
FB	FB-3015	660929fac7871c6b088e1429e38532775a1178cda8206ce27b875918776ffd6a
FB	FB-3024	c2165b619bcac0713a9619f472f14480cd45b4987ed6b24acaab5cfd450c66e2
FB	FB-3025	ea60ad3d6bec29f7cc1b5fcf7005c762233cad8bb59eef1294a7d20cdbaa9bf7
FB	FB-3026	01941af2f4a636b7ad7948cfb83b05032c8938378480cb1ade873c96be9b9e6f
FB	FB-3027	bff06064694e534a88cc9b9013e1c8f78c1aedc615395944f954959566f7707d
FB	FB-3028	fc3b8393567f5853590c078df04a714c4a649ed1120a548bebe11dde8e61b2bc
FB	FB-3029	d19b52a10535231ce4a98cf29ab93ae3b953b146d50256f690b52d670ef685f2
FB	FB-3030	1970a8936e82517157a85e31b513a88449f9f7f5547dfa90919c17482b6bc02a
FB	FB-3031	69a1144c7e7bc9672b2b9a598e9710b0afed1a2632325fad2dac7108bd195e1f
FB	FB-3032	dc9d3cdada2d052b5e715ccbf966e665f53c9e53b09b8ee9d9dd061405d0b643
FB	FB-3033	d220ff6f9f44e8441ca027b192f695fb3cd76d3f937db5c119af65b3e9b707ac
FB	FB-3034	88648b6d3138c533186f0a419b2b997b1090c0d4ca76ef4bccd5458429e11d6d
FB	FB-3035	af7c70dae2d5bd352bbe78fb78846b5ef1e3b2c5004369b048e0e2020ff92f8c
FB	FB-3039	f3b3b054cc8ce6abe75311095b43cfba210e6f5f034281a0983a3f2c818e6175
FB	FB-3040	d8eb394056d618832b022e67b1f66d5ee671a96716c75eaa191a484be5417588
FB	FB-3041	3a2fd85b966e4f7c6b4b2430bbb36bd40d1e28eb5a7c8f3067fcf3e8a83d72bd
FB	FB-3042	2e8196973712eaf77ae9b52bf5958ad00cb332bced0007f56477480ee86d0dee
FB	FB-3043	b1bd7ee5d6c4f463233a94211d77cf42654ab75b8f493034a7e26cd620824fb5
FB	FB-3044	e5434a5299aca702eabbb5c252dcc811b17fb9e8705fe6081d541c5db427acb9
FB	FB-3045	1e95e11daaed9389898b6c173a401dcaed92b78cc5a1975e42f74e1d79ed0290
FB	FB-3046	2fbe4e030c893f3f40ecb2c9375a0473fb1c51ce9bb2923d13485dd83cad7eaf
FB	FB-3057	33df1cea4a45962da3ceea38d209a36d503451040435499edf0cb663ce9cdf6d
FB	FB-3058	3ed31d4449638e91e75b96015a43de53df5ae068ff535aebef7037473a7baa6d
FB	FB-3059	ff7045231703b1b8d914d0f038195f4b16b2dc80f85b8d1033004f3cdb44e78f
FB	FB-3060	1f6e49518f0a1a6852d845f354c2f3e627d5d25fcda018e944c42d2106caf10c
FB	FB-3061	2ad7dd1a4bf96b703f0173fa84ae37775bdb798cf769016fb1e1f262531cf12d
FB	FB-3062	61ccc4034079608de6e26e3146332ed824e14a908b40367417798c3888ed7540
FB	FB-3063	631c55edf2ded31227f8b6175069bb135ac486bfdbffb1cc760fc2e144c69e27
FB	FB-3064	a708b6b27f3566f261ae8b79a6bff4c45e1200d3c26b2e98eaf21f4b120558e7
FB	FB-3066	6be768237a01cb4a94ef244b302dbd8b4d201da0475d1500430f50eda96c20d9
FB	FB-3067	db78b816b370a0c91122b77aa9345bec34c8be3acaaf63cae2926d34fe8be8a5
FB	FB-3068	63473e1869d5fdebbe6487dbdc503f2260d66ca0f8c25d0c82ecc694731ce338
FB	FB-3069	7eb3c95a9b0d71cc5ff0fe2f3571bf6b9e694471430fdc8d5d878ad91c8ea599
FB	FB-3070	fdf54873c2747b1c42c89e7473551bbb40f7dc1169029cb66c0e46ef2487d91c
FB	FB-3071	d3faa8a233214c3cc6bdaefd8a5f960e1b746595dbe44f4dac54ab93d8a7c2a1
FB	FB-3072	47540b6fbee82e92133dc418db252c8fae9a840f00ae29938c9e10bca6482120
FB	FB-3073	e77d06a27ea61b0514c29c177cb97aab50a6a39bcba3780c4a7eaeaacc6ae76b
FB	FB-3083	470ceec321abc867891fef22e8f1e73c6f19735c05ec22219938aa6abe9d8027
FB	FB-3084	26326609d22ee89714e3aa47a8454e9e1d0a55c7dac0efb8874a725bbd57b7d5
FB	FB-3085	a85452725158c55d6e0adddd9df4220c4062ef281bcfbdc90cfd18fa4ed6fc22
FB	FB-3086	7449531919c589d183fb0494a9a8ca38e49c1f2723bbe4a81c8b9403903e198f
FB	FB-3098	bf88d856faa57e8980c5dac50d7f9b157f70f7c3a57375ea2de0e955a4c8c066
FB	FB-3099	81fcd0c10fb27770297e5963a51e4be5464acc5b6636cec276f180d00fc75158
FB	FB-3100	d67f79fa232510aa7000cab3284051a7af095446494548803eee2cbf8f68ed6c
FB	FB-3101	75e6974c3e11f1f334c1bcc1580fc5bd7603f9c7e32666b4cd578a4269336254
FB	FB-3102	1c54308f0fafd9350823b54531d132fc0d386e4a363b3ffdbb16c594340b78a1
FB	FB-3103	05a0a0eebf7c804daef35b13acb671aee57b2cf583a0534dbfa6cd3db7ba67e9
FB	FB-3104	9a6b02e533bfa18dcd5f379ea2711628d4b0f4d084ec7fe874d7f08bdc341008
FB	FB-3105	f22829f82a4791943aa7ea81d015ae61551266a5b3b1154b494e55e70585dad7
FB	FB-3106	5a04d2ecdc4061adccf14ab868294b43b65296a3e4dbfe36575433f350e9d370
FB	FB-3107	2631a596d62350348a5ec8a2fd62a51ea8cbf91a3c670d65845a5e73e2664c30
FB	FB-3108	7cf154bdfc48f594e47b9c116b215fd2b6492e0304272d33bb5e907908880c7f
FB	FB-3109	81ca7729f0f3f58dbc629b85d6ce1ae9bb2d5bece344573b3179a5a2b8292f92
FB	FB-3110	d1c319b4773ce948532c4ec2050a1733e5c9a3b429613ed16d0d38c8d6729c26
FB	FB-3114	d78a65444ef9cf15d61dae6efcf280cf58f092f6e52ef8ec0f1a55180143f094
FB	FB-3115	611ced7468acc9b80063a8ea5c95d7615d1dc1908ebdb6d5239e5f6d9a1e153a
FB	FB-3116	399cc6a6be080b24e6026721b7be15a20f35c8559b9d2cac7c1eadb88620fc73
FB	FB-3117	e5e209906144372f9f0008a515c8f5c7059feecfee67ea8bf435aa8195a9db5b
FB	FB-3118	f1fd9947770b13b58d3e727269d0256bc7dcd59e3baf34277ba6837288c31b40
FB	FB-3119	02fa69cb7c76e4836fabc7a503ddbf7dd4dc8c6010ecd44b1b493ccfdf7d0ee7
FB	FB-3120	1627a9ac56373de8587472540e4dada4b7ad2a44a370aba4477029836b991b65
FB	FB-3121	f69808baee89adb351e100d6b1dd81f20ab24c3d124f2c279598fabbc93380e7
FB	FB-3122	6d0f2cd9beba337071534f9ea14d4140bd3e67e3b2713720f8040e1572816595
FB	FB-3123	f950cadbaac6aa1ee0bc24a9fec47d9d209299b4abdda279dc07f85a631fe913
FB	FB-3124	d52e5420edf708bd67e63d3cc557f57372f75746fa3d8700b10c35de2838f3ec
FB	FB-3125	8db710f344fc060f8166a00543a49f18c22b16ddbb4fe3484781ad1d5738df3d
FB	FB-3139	f166422ac6be715ed2743566e129381f56e96c43f437e0507812b1db827c765a
FB	FB-3140	83f28746b5f511d8f351c90d515519ea5a94d1cadd61fdbc21a25b96e68c7180
FB	FB-3141	bcb5e8e8d3facdc2eeef6be8d2f016daff832b2cd80e4ca914bead7270c5f803
FB	FB-3142	c2baa78f0b3b2f67fd1c2da71ab7652a66f78c215879938c957d584492f2829c
FB	FB-3143	9ed19c90abca0ee58b02fab29e07abbaf16c408f9dfc89698e2cf7eb21708dad
FB	FB-3144	5fb62aedc7fb1f777be1c74c054a81bee4142f681579bf83d7aad88bb00baa31
FB	FB-3145	003f5f75e8940f35c76bf8d6f2707baf3db313a538bacffa4159591ea41fea71
FB	FB-3146	40339540bc4a7572c6823eaab70338d4d9def43b54b1b360ea0d522eb4d82d74
FB	FB-3178	7a12f8392b95d73bd64118ed4e5fab3ada0c8507e9b9e48fc58fa77929a6bfaf
FB	FB-3179	0314291c79b3ce171af28ed055669cb6e4b0393683a73963296b05099f538924
FB	FB-3180	49ef63b88e6c27899bb5ec42c03d4c1cc7709f46f7f1af1bca067d73323c03ca
FB	FB-3181	6da7404fd669fa7f4afdd6d15f7f4e6255a9a12ba39150efc16cf792b0b5a37a
FB	FB-3182	9388587c5ed5501123c961082c682f4e48764d0a637f7bae90362546f11c1809
FB	FB-3183	18ffbef4f33c849335ec232ce90a2f8bfd9d88d7d4109878024999ca4f716a83
FB	FB-3184	0b297abfc09a8ef53e3ca63c1916778d0bb54baa61c3bd8dff479521df41c91b
FB	FB-3185	151189e72b8f98d93107743a7a639cdfed213674af7bc5bbb3500895e3d7e206
FB	FB-3186	711b9aab17684f2156d42ad3e61f0ff05880f8eb538f8535a27771e5424a26c7
FB	FB-3187	5cf42ed2174b7416c3be28cc2be8304b64237b6f32336e29064cee7393d3df48
FB	FB-3188	c87e7c7526e07afe740371ec79e862ad07fec05b5ae4277d37aac4f7bbdfa6d2
FB	FB-3189	00cbe303cd5cbadeeb8a903d297f113dd28ff4b399160eb7964a779eb19b89fa
FB	FB-3190	32a6769d2444ce5aaa889eb979759d1f90d1d46b7efb3d808d7f4760f9f46fab
FB	FB-3191	12dd3743d166e897ffe4036414c83d11753b3b3fd092b91194ec510d0422026b
FB	FB-3192	8f4dbc8260dd57fcf8e6ca55eeab6167f513b7c08c3fb9587c1153d854fbe5d1
FB	FB-3193	c87b875394bc2e22de5e6af2d99f928a67ef8eb04c94bc377f2464eda8219712
FB	FB-3194	fb0839387465af185259482f8d078483f9f3a48bae372c7bddc7de42db7c558f
FB	FB-3195	1fdbeb5a3b3fb7f20a33bdea2191801642f734b64592efdf99c721ecec539294
FB	FB-3196	41c69562576507c9771655922ff4a873641ded286fca50db598b35b7faac04f7
FB	FB-3197	0ecc65dfab0b64fc498fbfbe1c00a39a8c460906890a620fe96ae41fcc7d0ff7
FB	FB-3198	ca88183c4686c2f06f24aff30d69974a9752c1f0a68c6c647b24b49ba2412354
FB	FB-3199	f13226f35945d6921674a269a200247aaad1c5e591695ae14e0534c89f4fffe9
FB	FB-3200	604069bc43863c4019cd1ecb2e6b7eb41a6c8e1cbfa7f455692dea90df18eed8
FB	FB-3201	5ad88b1823a28f5b733d69594a6a7c59bc9da24862333d83fa0cb6e68b5a8d83
FB	FB-3202	210f3c0f7fb45e8b30cafccedd229228acf32f67ea2d81a745a3e4c0dfdbc8db
FB	FB-3203	f95bf6c7faa2d777ac1ca0cb3911205ee61861a4357c192c39cb35846c6faec6
FB	FB-3204	8ab59cc1f1be83ccc9078fecdab6b0266488fde8b6786881135f67fe8e1bd6f3
FB	FB-3205	f00eff1e168c3e1fbccc10c7cb9f4923eeadc45cfe448196efb4eff988d08707
FB	FB-3206	2631530cb432ee433fd30662ae4f69f5817b781cc5a88718304c96f915c4e79c
FB	FB-3207	23627b761ef282cdacf62fb06def22af5f5a729db14bfaf23d71b52c4a739b2c
FB	FB-3208	88f4c5e02db554a3fc94272b601bb7ba18c6fb95b0e249635c8cdba382dac9e3
FB	FB-3209	e3581c065e6058bf02726f8484c4d683e902283c3f74334cbb70f6e1e131e321
FB	FB-3210	14fb9db1dfeb35452f88b104e81a831c3acd30ffceadbddae0261e1efb04bb21
FB	FB-3211	29d7451baee944a84c17c2995d4e319e152157c82ca68cf725dcf0ac48926f59
FB	FB-3212	f7aeeed5f7e482b25938ff71f080d57e6398a11254edcefe59b10d2f1bd1056c
FB	FB-3213	9168f916e5a4a703bf31b9923a28e19801153675dcbd9445c56a1aca0c7e0665
FB	FB-3214	0ba269f4ce3a755c6c54e012ba0abe0ab60ba85415a6e6f56427814aa9472b02
FB	FB-3215	57589821b4d2c8f93dfa17b4ac12b55979ae87846d546fb169e2e5ae9dbff959
FB	FB-3216	07a153220e2df36f46590c5271a16f92563c2bbee12cc302f0d060bb4431018b
FB	FB-3217	2676146152ec395f8993ca122fdaf90e4657baeab958355b9c9d79f7f8fb746c
FB	FB-3218	e1619be176daf59b5d7240074c323d1a95b24a3d9d45c3c60afc9528dbafaa8a
FB	FB-3219	e1f3e1d13021d214ae9749cff4ae2fdaeb485e128a4e722a08620b8d47b81ff7
FB	FB-3220	48fb9a83bed45db1fce8f13fee51eb98481da693d369e6c47e186cd10ccd4bbe
FB	FB-3221	a73b358b884dfc74fa35c4a2ad4b3fd0cf60e1fb046bda5cd577774f489b8b14
FB	FB-3222	fa889a268b2ebfb6d6de811da714c26edf58727c0d0a89ef251a8549f962439c
FB	FB-3223	c668f5750eaf3def23dd36d64d6d464d8af3121a126e0d41653dbc6acef548a9
FB	FB-3224	cc2dd36fb21d0533482d3777c95943441d28ed6f21cd8b614512f3caf3edfad7
FB	FB-3225	c0e1028085022a6b345228e7410110ed3fe4794330699282a7d5aa09b1539641
FB	FB-3226	962013c2affdcbfd8738706e9dc79ea496834db1768fe3edd5b3539bbdc53d74
FB	FB-3227	ac300cb38e395e64d41f1a5558ab3c1f0caf1553c1d0926dc29602183afae801
FB	FB-3228	5b3ed2b2c55f5fb5fcc11e499ac8825b91172df74c1a2632d4e71cd096c1da00
FB	FB-3229	ff821c903f8cff9bc874b9b826bbda14b6cbc7b3168ffa0ceb10c6cb2f4a4a90
FB	FB-3230	666274f0b9324e3822f01df63f191253a267de4a5a838a98fbbbcddab84b6e0d
FB	FB-3231	f68ef39d2059207d44d462b48bc59eb351b986b5b405f6fcd765118606c103a5
FB	FB-3232	8087d0386b07ba5f11d0348ade253727ae866cf51edc773ae91be1ddc39a4ee4
FB	FB-3233	b92ec4046263f82ad22da0b9edad39cc7b593278ba47b0c61e660fb77cfa10d5
FB	FB-3234	c94f3da840565409d750d61bc8d1ffb043cddc0ef4798588bec919814f6aa865
FB	FB-3235	ae370c5ecbdb3039be551359c361652c9fef0c8610cff3bac9e4a36ffd43aab1
FB	FB-3236	08a24054708eca6057aafcd9a358aba7d0d2d8cb79be417186d39a91d6eb4f47
FB	FB-3237	5d9e6ce2a3f9154a9ab4031ac0fdac6b9c2e981f3027cbbb2239728b92d4c0b8
FB	FB-3238	cc386d6a9e55169e1a04111991186476a84217f61228e42985b8e17b625612f2
FB	FB-3239	a0074992f71d3bfb320837da87e3eca4376b1ba674630c610f15da805b529b77
FB	FB-3240	786b337257adb52f1b207ad5d0cb1674b34df1ab09710235b4b19aba0297a1b5
FB	FB-3241	29084b5b1ca135fe8a5c4e31ecd973fc0adcc573d5f1fe48b136fcee7a601e8d
FB	FB-3242	2225ca585b34393769eddee40117a480760acabf397b8c2788dc1506cbbe2de6
FB	FB-3243	1548970a555f11b1396b8327996a8aafe026f4c13b340e482240d0fd9cf04513
FB	FB-3244	c0d9fa8c29443175ca6545b76740540be617a01c2edf892c567d6a7251df8c0c
FB	FB-3245	40036424cca2f7bc44990efa28ac3a31d7d0b64a2285fa974fd01c23a04be9b9
FB	FB-3246	d3213eed426969b00276c2ec7e3d441e42482804bb336e6d515877515703c95b
FB	FB-3247	f86ccde026421a564eabbc2e868ab4f916ba0bc2d509fe1a45370e268d789411
FB	FB-3248	3a3afcd6ce41220c9abd87a131cc10c80cb8bd2e5bde39ba99d9e568aaacb06e
FB	FB-3261	7b23d83e50dc61f8d2dc3174813ec5d4538abde5db137d6e0f50e9e012697568
FB	FB-3262	4d4d2018a66bead9b9d61673404ffa194c3764aece036947f2707f73ac5fa545
FB	FB-3263	a42b2e2ac1756ed448cda56f97fa67d62621848c54b939f2b9c0708912a4275a
FB	FB-3264	99a608b6b91524e8c0ce80a2e98905460333d6e2171a0d0257b4851d1494653f
FB	FB-3265	343a9b970af016fb49cad1154ff509af5dfd070cd47f6e5aabae57aa67211a48
FB	FB-3266	f86da86b1ea222a70ef349781a9922b06eab1a930fddcdfc2622f37912138ee4
FB	FB-3267	f94fb2951d9f039f8a2da68202bb8d289e69c9f6817f450092260efeb0651abd
FB	FB-3268	a309f7173f6c6985912a849306b0b9e15c81440438f992786099fd48d1e186f0
FB	FB-3269	c2956e4efc780aa438a92cd94214c8e864cf6f1d4e99163d046e979b5d395f63
FB	FB-3270	1c4526ec37a7210a350c6da3f0f47530f10439c63513fdcab70e0817ad801e95
FB	FB-3271	e8f9d27cab9508db0d0ea794c16a2584d8e6f75187adaf553e1c931134f9b9ec
FB	FB-3272	1a3a59db1c748546c2d150a74e3accc356d19e1d3f20482bed2b217bde9a8cb6
FB	FB-3273	afa54c8d64412de87c285de4d7fe327ace7d124623a3d5281322487454285183
FB	FB-3274	c3a30dea929a6d961b374f1a3b2dcddb8b6a9dbe9f2c015ca10c9062493da2ab
FB	FB-3275	378d0728dd4b09b411f1f3c17b0d47ebf04ed6181e98c68b112b0418445e6367
FB	FB-3276	c3c1d00916b6837f75af0313c4c8946b99669169017f54a18725dcc12143811c
FB	FB-3302	45a4d1d54296e45e3a8c5261f182137cb622a41a8ee2dbf6dcb195da40c42912
FB	FB-3326	0cc4eb64d469790e517f9913a0ab344852f64a003f482b352766ca553235967b
FB	FB-3327	88c3e10bd85dddd207caa63c0856560388808084b6d0806e44c22e6a9e060159
FB	FB-3328	9fc29dfc3a57b51690f902cdaf5d10e065ce15e03ad4adcf8ed71a286da7880b
FB	FB-3329	6c88c8268fe0f093da7219cee12c3e107ab38c29a567201519942ec3acf935ae
FB	FB-3330	f645a00f94141e1580b436ee62c734c56c02bcde74a59d7371505e36f2bdf93e
FB	FB-3331	531e14caf1459e34f0a1971c0e9061e65a80c2ec7b672de78d8a0cca56063c60
FB	FB-3339	e8fd55557ac67cc62cc7eed4e69d208d7807ac4de9eec9c11bf602867e9edb79
FB	FB-3340	cb239d5f49f91d18b06c71fa59a7881714242b6e93fe17fd4bbe9c87b89be2d3
FB	FB-3341	93c7945bd286396933bc7c83e4caf7bbdadc075d69550d6ad9d8dc56f6b57fd3
FB	FB-3356	fba0b30ee8a1ef225fdeda7bb7c91af5943a8c4d1c2253d2d868c27ef12b767b
FB	FB-3357	149bccad02c823d4077fbc29643b56af02ef127ed2b5fc4f685cccf9d70cd2c3
FB	FB-3358	5e1f378acf637a06c9ada20e195f3cdf0e4bdcd505283c86d8c6f02e073d4534
FB	FB-3359	15e125a81306c2baf8d99f8ff3204c4b07c8e50debd66afd6661d16715fe2cb2
FB	FB-3360	37c03235189f6196cd96e66177b6437b23b4a41100c74372bfe5912f750cc705
FB	FB-3361	10501ffc76880780285326314c5dcf0102a4958c8dd941235216c0b0a932a472
FB	FB-3362	34ef059eaf4dfba02d75be0e5e18f351fc3f0c6515193fd2c180b8f0c789a3c2
FB	FB-3363	8349d4392d9ac146de47fd1ad83ae580ab2a2d0209cf43ad5373d02f12d135f9
FB	FB-3364	9685cb8beda09f63b39697951763e69a9ca1f370b2570edcb2437e4dab917251
FB	FB-3365	469b9472f9f9f817d28d2773012af300c134b3b5f9c725c52cc73da929f6cc72
FB	FB-3366	d0cc4a27635c06a8cdca2b6321197c14be43c560249fdc4637ed1e8093e79684
FB	FB-3367	bc5f7e70155c8c905023fccb624e4ff0d179f51652844be70e8006302e8eaf36
FB	FB-3368	d7d48208414d79c96331b7d934feda5a45f5927ba141c2bce8ae166234ac7bd4
FB	FB-3372	2ae77afc4057b15471036696ce0d7543563060919807b5c1862f4e1b66d31bbd
FB	FB-3373	c26aa91e5fc5c2eb955484e768183305383cd6b7a6dc23cd0038c6c6e8f92d00
FB	FB-3374	61597a782cf380412627b33c604f4a914e0857a230604f02d09c236870fed2ed
FB	FB-3375	ba340e097382fa8fdbea29d09c2c69daf4dd106414ec59a6b0ee0c92ea1376e2
FB	FB-3376	4747f8583aee4290e4fe328263301916a30dfc6fcd8ccb6b4c6173f33f8d9721
FB	FB-3377	df628f1eb67f310f13288d3fbb9c7a6e28d478ba1282cf842b56ada6787cf621
FB	FB-3383	709b80f034875d4d2a06ccfda3b6f7a8a595e9b667930e90d3a263339a6a24ac
FB	FB-3384	890f177be65ac2dc6cabe4de3f9a7af41b4b9b30368b3e4407b6da20f370b469
FB	FB-3385	64c52cd1797ae27c3762d31d414c692bff9d9ba42ad220b616c98654a1bf4da5
FB	FB-3386	568299f577f5c61f5a40a543b81d9b2b9029b86f2dd666f67fa4de35efb5a6df
FB	FB-3389	79b7557e1d1ffcf261c05bf2b674eb72664a64056af54b82b1b201e7c7b64ac7
FB	FB-3404	c4914183b9b3c5a44636b6509b7b7ccbbd7f1fb08598b73a01e2d8985666bc42
FB	FB-3405	d14cc3612986c4bc34320326d2e4388131fd2a3cbdbafe379c653072187b917c
FB	FB-3406	8cb95a606c0fd90216a5df929860ea5c5cb09219e97e99062ea7b1ecd3301ec3
FB	FB-3407	95ab7bfc12b7c716afeb014b7713db0ce3aa54e5b465722b369ef047d4d329d6
FB	FB-3408	8c454aadc56e80cd32ff4899d577d3d4e94b16b9647258bf7c1cab460d692f02
FB	FB-3409	9e45b52fce6c6b23f1361702af44829fa06f9fde0d18a33398143eb00a0a071e
FB	FB-3410	3dacbf437a886c76808bae4a281c9e4d2f5399ad7dbf8e0e3edd8a7be450a4b4
FB	FB-3411	0b23713be8863ece6039ac898338deb2efd692957cd6ca0b046b15f0c01db2cf
FB	FB-3412	7cc3231d31b1bd205f038a6587acfecfd55d7ad9f778565e4e36bffc707f141e
FB	FB-3413	7f27dda5a6050fe4a15c7dbf90bfc3315d37cf1395a64fffcd362bc7df32fc23
FB	FB-3414	f23dc68f7813a1616b5e6f5c05ffd307bb39363c0124699915078176ffa518af
FB	FB-3433	9feee2bb8c0f534fe27c719b465910c4c39d6852b8246b4c078b4e1b33294c9b
FB	FB-3434	f7b2af827d96d1016a181ff8c1c2e2acf512f6dd5d035fe6bf72f93b88494277
FB	FB-3435	b12fad550bd886f1f32fb8bcae506c3dd386d53d4c58485b94d3af71e7941141
FB	FB-3436	85257b5611e52c0fce7f09e423c85f16691a8fd590cab71f3186583ea7fdf382
FB	FB-3437	754bfe46bf3cbc266e27b0cbcf454c75b9d1a8e13bc54a4f086ef3340d84ddd5
FB	FB-3443	4b9a47a5d90d258236f7bde09425549aee92cd8508b3352caff3ad3e1ad2512b
FB	FB-3448	9bcf48a364778576f641b1307aaa10433d7fa89de313e2eed991363d44747219
FB	FB-3449	ec690dec2ac199cec03f04b34875dba33585b4661e6ec0cd12f8e80a8c262d80
FB	FB-3450	61c96193a8fa031aa93fa41f8171fcadbb1c9c66861ade3f497ecaaf3016ec24
FB	FB-3451	82664763271f5a360be1eaef8eba052f35b349ac6a9ca46ab2f635ca334a5f0f
FB	FB-3452	147355e0ee0aed93320adc642328693ed5909ec77d409547d92a56826202adc5
FB	FB-3453	3c00bda35cad3830d7f56d6397bb88171d9597daeba06bb1e274cd1130825cf0
FB	FB-3454	7000c34b1ee4e7ad786864df6d437bd4a3a70693d5643219b5fe87d892e79a0a
FB	FB-3455	395fe222787dc2d5ae62be9a4bf6980df5eff47bc9558130ceb1fd648f426dfa
FB	FB-3456	85647812a0c568b07243262a9c81a652d8e7a293a2d029f4578d9b0e1a65371f
FB	FB-3457	0ac79281a43e905375e1888ea189a33782d53147c3ca7f1c41a78fcfb00b8fa6
FB	FB-3458	5783b3fdc4ed86619ec815af948bfd16635c334d94f57e6382d546ae3135a8e5
FB	FB-3459	4878cee504f4c9b0c3fd631722a5fdb2666c010e20037b25e621655ff623c975
FB	FB-3460	727159537ebcec432d9b66f6ec041d47d64a7aaa13e06b9bac809102000775f3
FB	FB-3461	a4c6bb45915816b7dced2d63ffb73e1259271da2a941c6511f4f6290dfe1fecc
FB	FB-3462	fb92630ea6d949681ec1157d08c5534a2fadcacfb27bcf85875f926751c00944
FB	FB-3463	ba2327f2d48a928cd50af62407b7ce9e9f98446fbed7385b93dbd43ba16b257f
FB	FB-3464	8734b6e2ae54d33369cc50b91f519bf5534929e35e295b92a57d153d35202979
FB	FB-3465	a2c1ff704c17dd84c36bc2748c1905c0f2315f04a5ffb45bc1c3298ec7f70575
FB	FB-3466	06a3a35961697cbaeae9aadaf45561008bb9070b054f1d3775a8de2e20a495ab
FB	FB-3467	0017ad99a20e177239cddbfba8785fdfb8ed626615f67c8238a6bef1587059bc
FB	FB-3468	ae1327c88673f340fad3da01ca319aee3d4ac3476696a379a4ee60680b195ef6
FB	FB-3469	50b3cc061a54274c2916ab7aa687316c9fab2d1d5c56088110748398ad5e804c
FB	FB-3470	fc1610c2fd747bcaed86fbb8dccd0e6b7a9539e86baf32a9ed6d51d060ae2333
FB	FB-3471	813ac3bce89dbc3c3eb461691ad0cda83d20e7c21ce073a61dc9acc6fbdd15bb
FB	FB-3472	b1db306a371f8e7c43957d4bd5c35eb8c876afaf03e5b8066ef8fad63134c70d
FB	FB-3473	959fa3803d643333ec817c2c1355df188889c12ce5aefd759a3a5bcbc3db944c
FB	FB-3474	fa5575e8a3131bd53d0689b2cdeda742b72960a6975d64db4e529fef3eb17df7
FB	FB-3475	d4a65e51c7bdf21bf9302067afcc82f1c144e81732232b51f1f772067ec90466
FB	FB-3476	9ee88fb5d091785ad4ffcc317053f1b7118fcb79353a67312eb79c572824b49d
FB	FB-3477	13c27e4c2bdf22df7e091d4f5c1bf7fec503b2e50c1596ed013501bb7ba462a8
FB	FB-3478	7a845c9d4fdc2cc338975221234ccdff07691ea3499027a76665e24263bf59cd
FB	FB-3479	cf38ae1a96d02ff4c15cb53e94f49a439e5faf4aa90acf6795dee7550d374f94
FB	FB-3480	008e815f1c26c58bb350221f38c0e1da036bbfacb4facf977e74f237235f8009
FB	FB-3481	eb2a51bdd032227b11a8780ac293e41f32fb78900ca1ea1fa24dd8f96dff4e09
FB	FB-3482	11b2ff00852b74f30949e0323c0e75ad4870e94aea25ed12fe03af3892cf630f
FB	FB-3483	ce1720a54a46f4d6d03661acedfe7fb84fd118db0c86b0df48b675230eafdd99
FB	FB-3484	d470269e1197868238f83bea5b37eac414c2696f2785688c263806dc23423f1c
FB	FB-3485	894443ed9f18e1ce123df91f7be9f90a9bbdcf3495327db797f41bf732ec1759
FB	FB-3486	615eb1548bc92e2ef1ccb1d0c53af218a0babf5c3d6e3abb3769516dc6b14ffc
FB	FB-3487	305291c27e6c61100038866f07361f80fb53313f6bfcd756f7814e62d4716b0b
FB	FB-3488	df71948432d7b73b457fa14c48493ab9f923481b6dcbcdf34d14f85ca68f587b
FB	FB-3489	7b2bf9a38e8b69ac46d2eea4486d480fb39a5cc8909125e831c26e641247fc02
FB	FB-3490	b6ebdfc98e24714d5836f56fd86363fb1f26612558c0a0d15923207460ebcc16
FB	FB-3491	c951a444976514c6af4085110253fe5a9ba557ab061383afa1edcdb6f53c911c
FB	FB-3492	d7ca9ab2a3b427da8b6f9735b6b36696ec0034966beb26a745cb88beca4869a9
FB	FB-3493	e307ba5cf3fb8139156de3ab8a0539bda1ccd22a500070397cabd2ec6bd4c22a
FB	FB-3494	c98d5e6ce9f078361941782babca4d9c0ed5fdee4f7181a9d72ae1aecb32c585
FB	FB-3495	6efd015b43d72ed250d68e24b0540b4329091bfe1254c9ab91075cdccd7da758
FB	FB-3496	60b8eaff2f968a7633328d055f9c53b612bcad667dc8181f5c8784b1e343a473
FB	FB-3497	3fcc549c94434557da840ae75466a205a0a8f4503d143f7f835458499c94f8f7
FB	FB-3498	19665e85ed65bb9d367f810e8f33f6f85957c0b2f484a127d5bbab54480c02f1
FB	FB-3499	e8805e23b1a96d51848e0320a0ee065bd3c166bc890b4e23979a6bc048098152
FB	FB-3500	16ee80c8640f69fd66dd127cfb2faae7cc4083fe1b900225621db1e35295de81
FB	FB-3501	65dbb791043e6405140eee5b70280567a35a8ab5b5529eed633415a9810890ff
FB	FB-3502	561bd44ed6d5593f6c9a57e48600e217c4a6d6b90b47701f4504cb157c88876b
FB	FB-3503	f24dbb16caa63dccfaf53a5a50a051b62f2ca0614c190144ca3e735ad47200c4
FB	FB-3504	7f19fd23553b15bd71df8a80925c9a4fe10a3362741d8768989bc35d7107382e
FB	FB-3505	5799d7e960a974b63653d7577e04e9a370673dbe87e42193e837b007b3ba1493
FB	FB-3506	7bd8aaa195eaa454a8a299d0936114c247b17509147a4bc5ecca3823d7440272
FB	FB-3507	a2853cf57512c7b3c10b04068171db9821b964727a9d9223ab15e2d075816533
FB	FB-3508	c48b4055190d56c66d5c2bff8019f892dcb2a925631de3c05f3ef1c6ab97cacb
FB	FB-3509	858436d2db4c5a41617d9c572dbef8f0c09ccd74edd843bfb818a1086dcdbd3f
FB	FB-3510	f30c346b0be0385c5dddc32abf6541729e5b7c4737c3cce884e9aca8a98b5efc
FB	FB-3511	429fd4139ee47b8ea9b84c9532b285f7506c4478260119884bae2956a7478873
FB	FB-3512	df5a482051059f91e0ce5592aeee4a39cf524e61dc55630f57be9ee51424dd22
FB	FB-3513	a9a1db8d5307949217037b6a894bb6bbaa8447f46bc7f94414ee8a001217ad00
FB	FB-3514	f86e8fefe4194891dd0771e168dbf5261881885b13882371c08f2ab36306c7d8
FB	FB-3515	adc3555ca2283333e475179b1134d15c3256978fae4c8b5ce5ef621754407e64
FB	FB-3516	df380d90bbc9b9f4f25cd6f08dbba6ba7a2d91ecf5a1e7b22540e7f6609944ad
FB	FB-3517	28fa8417cb0b1cb2617282e7b1e3955020f32bdfd8b109fa723060e21b283c5b
FB	FB-3518	700b2fa1f6534c2edb6103c605c75d969bceed8b3bd106f0b49d226d3d914c65
FB	FB-3519	014a4b4ae8e8bb1214a2cd3878fe8e9491f35ec3925e6012870042f46f4b9b5c
FB	FB-3520	8ace06c1508aee5c7ab33fa39b76523dd53a49a0f5134384fc028d7bcad88b42
FB	FB-3521	9c8eb7dd3291925c74aa28d687e1f044fc704991d3ec8a8d68de7ffffdae97fb
FB	FB-3522	8570cd5713837dbb1217dbd9bffdd6bfc5def0e0b5edb6a62744ccc747d9d15d
FB	FB-3523	f44fe64fcdd6e3e461a7d89e0d302b1a0483ad07df850c3061f96dfaf08f8e1a
FB	FB-3524	d0c6790f4cb98d4d614351a0bdb55d25689b7f06d5e86e1b3c83782988de3567
FB	FB-3525	dd488b242dc28d64d65f8507f3910296c1b5ae12ff470b53950feba7f7a71986
FB	FB-3526	94287e9b7b3014c779ed8ef77c34a9e7f5d96b010a7a7706d6096d9f334ada4e
FB	FB-3527	4ea2229363082ac9843fb971d674f14bb1ce57a72f35f97ac292c55521ad7532
FB	FB-3528	a2cd295e7a583a0cce5a80a176b2ad30ee8b5120bedc1a503d07c30a77977137
FB	FB-3529	c836b56e482be36b8779fa03d86f449318cb0666e83d446c5f27d79a4bd5c59f
FB	FB-3530	ac8f06aa8ba3d09d0e07a1c1bd5ea74b5b5678a60184ac234c427e1b48d4cdda
FB	FB-3531	333a06215fb532acd067b4db3de63b225e5284696561e2349492427dff438df6
FB	FB-3532	a0574a7554d241b5fe4092ecec168fad44b33b1bab535d17546d13736a78aa7a
FB	FB-3533	761694a47ee66291bf268e6bae0a09db7131acf8bfaf9dd68ac5fc9bd61d0dbc
FB	FB-3534	6a4ea7c2d5147840db54a669dd3edfe028a19210c96967cf61d4fefc876dfa5e
FB	FB-3535	34745bcc00fb7d0b427056fb2b8a7ba1d57f0e20374d10ecd11c7127a05cc51e
FB	FB-3536	c9074fa85a8746da209bb8f58833cb048a95535c7c52d7ad921ca3f4fd474967
FB	FB-3537	94852f42023dcf78bcafa679fe7331db396a9d6398b9c4454d25c6ef84f2fd36
FB	FB-3538	67f024ef7666e377fb30527e711201166fe00547fcb4b5748fa59ade40b7208e
FB	FB-3539	95dbc3ba7f625825bb1fbe751b18214bb528bed847e35def74bd68ab40d172b2
FB	FB-3540	abe1fa511acd13f657eea6552f0149b0a6a579c5ce28b31e62ed4fd3993ff607
FB	FB-3541	25ebdd2d45bf5edccd9d0d6acbc4b0f521624b93ec52e4d3bb6b2ca51ada23e0
FB	FB-3542	c87176b960ff5b67f0ee5ef0e2ad9c822fcfaeb5629fca9b095030166d9e6d0f
FB	FB-3543	47b8073eabd7dbed69d1c90c49546c37df993b3979464e794c0d82d4974406ea
FB	FB-3544	b65a053b87da246ee9151a4abb56c426c71fe6205a13982195ff2d0b52b815f4
FB	FB-3545	965634202d2a7c3d3ee09ad1da7c7fea820046847caebf1e55645f9e7f869eb7
FB	FB-3546	33ce5211ac9d2d516e0592c08cab0fe35022227283f778bea8aadebae0b79bac
FB	FB-3547	3a8869c877a0c642cd78243c1959f9eafe0ae4aa3e770625d9eb16e469df190e
FB	FB-3548	1a8650313721271ac952cdd4712db57cf016b212ebda3e0b05920b99622462eb
FB	FB-3549	781f3d83cc8fea1b32d8e624754957a4442682ee0c00e628ac3af990dd6c180b
FB	FB-3550	9dcef6174e4754d7e1075e46aee5da898bae688dabd6d607700683d0428725b5
FB	FB-3551	20ef4deb190007b8a164e845e6ff7c44da1b864d11666d2bff7c35c54d839f67
FB	FB-3552	a38af31add6b42ccb883c7c35dc4d381a0866a6f0ed0132405a7f6284e330639
FB	FB-3553	160823c80859db986770303119a96362b43a719840ecbfb88b71e8054f819c99
FB	FB-3554	dc8c4d671e2002306656ed51ff66d5745ff232f10e7949199638bf1b93c982d0
FB	FB-3555	126f96eb50d9a39b67b06ffffd25b9fe0ab8f65d47b3cb37d306027673e1b4c9
FB	FB-3556	2dd5e6139641c8d8b79ff224a0f7607059a1e02496edde4fdade0dda6996baf2
FB	FB-3557	1b85b189e3de63a345a447e609fbf7cf8e576c118091c1ea5a3061e91e3d5525
FB	FB-3558	db33faf682be51ff9526fcff989e01221318e48c16b589d31540857c66d71b39
FB	FB-3559	0af97b3d5d5e4c05f483ede47d7ce294f765a295f12d624dbae9a64aea2a2974
FB	FB-3560	f23dc0d4caa41d520aaae8f093c054a605ea9cc2c7b5538d1fd697a4bb141c95
FB	FB-3561	11f978a27fa9fd146cbf31f41dc7b6bb4ac0eb04f5b2a3ba87fd5c6d13115ce8
FB	FB-3562	7e185060b473e8c5a7b9e6f3acdb5de8b10068e86957f4040a22ea11be6b4f0c
FB	FB-3563	93c46ad7578d878ab5b390ecc9a217f5be74a47ac36e25cf5657833db0932571
FB	FB-3564	7bae181d72a4eeab5842bedc1b06186c0eed2135e693ed76fa1dc01f77197568
FB	FB-3565	0a911520a8e3888c3a43607f13fa82a574607905a885d51202d9a68ecfac5c82
FB	FB-3566	3133ce189dbaf8c185dc62a2c01b60f9b28db0f37244badd9d9badb7cf6f9f03
FB	FB-3567	b90b7adccf005bba94da9d6ab0480a5e6f5835aae0b21aec5c7653ef2991b570
FB	FB-3568	b38ddedea64f365d3b0ed25ed53e4ef01909dc79a6926b7785cff2d5a0f902cc
FB	FB-3569	5b52fc689b311e443bdf7d281353ee97f9dd556990c6aba9d951934c163ff8a7
FB	FB-3570	be2a2d0112a889fed552d44ad51086a74aa186e8e8cdd261ac5b9c24cee35aa7
FB	FB-3571	ecc7da2e8de577b24c643f9e342a9983d24f23fa71d40ea5da53263c857cbbdb
FB	FB-3572	da313f5e81fcdcb26ab0301f9c7223258e30cb7e29f429c82c0bc4c332a277d2
FB	FB-3573	a6f273d7340be488e29c8eb9fa8f9bf22f01b9260a418c66838536297d43a170
FB	FB-3574	4727fa88172f4f59bf02730e82dd69223b0073a53c73a7828971c2f91bfc9413
FB	FB-3575	fbafe5d095b4706bcd02d15457ed4416fde8d9b9aa2df4b665625838bf402e51
FB	FB-3576	ff914250fd3daba215ef4f17853b40ec43a8c2f6ba109fd7c7792531ad1554d9
FB	FB-3577	2c44ca66618e563d6d2680b7ca7830a8641c1682c6efcfa844e4cd19e7dfd23a
FB	FB-3578	43da46dc103df2dd9c20e5f2d0a459113a2eff52cdff4433fc5d18dca761f43e
FB	FB-3579	2259cc01fbd2d03a647626abc07eb3fb6fafc069185c6d829cf5a0bbe10b13c2
FB	FB-3580	c77a8af03cc87bd84b647f80674baa42604de1a4448d5d5fc9415a649bd28d6f
FB	FB-3581	62908b71d8cd304db10ae939f47fe65b2bbb004dc02ca05f88f984e5e3defe14
FB	FB-3582	f9e18ac90f2ab594dbe8bac081856d81136836c6e6fcc4813ee3cbaf3d404796
FB	FB-3583	7460ac706635f0c16fb3f69b68d7220d6dae5038448004aac432f05132e1c5db
FB	FB-3584	9d15ca837124147608a7862e050af0287165fc2de5c85145a2f609ce7b41abc8
FB	FB-3585	570d70002182c09f8324d84c08dc75ab97bc0bfbafe767bf07fe155ae950801f
FB	FB-3586	953522ce74d7aab011c94ee790b331bc96563b0ef39be4accc4d95fc9ab5fb63
FB	FB-3587	9a4b88661e5cb75f6e4c82c29a82d2a4821300c3f043410ceb0e68b5702e0a54
FB	FB-3588	b4c56044ab0041295963e83e709989ddb5c28db7784edd599b8065de1fbc9278
FB	FB-3589	dd4ea3c31c370b4cde5aef8f0850d03980c830f53606895a180c64a15476fb50
FB	FB-3590	7fd40f8a2f693cfe90b4c80e8ee48f0fcac6ba9ae98925a8f86ee2832183c347
FB	FB-3591	9d7734dbf351d514686749287862a9d1a1ceef662fbd38c268cee8cabe8fba97
FB	FB-3592	5edd2c6f9736e40e50082d370ad722aeab66c8b8ab16057444c5e43cd8b2f053
FB	FB-3593	0eadb2e18d36e2042f0f3fc096466bae7542fc1e5eebdd35ca62c1733166bfe5
FB	FB-3594	02a6ddc66d7b49bc59c9f521d000140fd925904d0451549856c5e73ad86c49ec
FB	FB-3595	9c34e327a0594cfb3009b497eec2a3f07f8bca092eeff66c0c0d22b86e1aaaa2
FB	FB-3596	7b969850be4c813bcdf57f2f4ac30b96488a37f2c5e59188f2e04726d2b717ae
FB	FB-3597	40122f676d423bd52993b7efe5d4036e27de5b816615134e0dde79706a6b9a90
FB	FB-3598	8742a9f91a37114655ea9e942c16193118b1404d6060ef3b840ddebbaf292f5f
FB	FB-3599	5f8e85ebce8cc6b4d52c82cd2bb4d17f14068f4223b3d0c63b890fa71c08f387
