NAW	NAW-3043	02 SERVIZI PARTNER ONLINE NESSUN BROWSER DI SISTEMA INSTALLATO
NAW	NAW-3044	01 SERVIZI BUONI SHOPPING FONTE SENZA NOME
NAW	NAW-3045	02 SERVIZI GIFTCARD FONTE SENZA NOME
NAW	NAW-3046	03 SERVIZI VOUCHER WELFARE FONTE SENZA NOME
NAW	NAW-3047	NRT SERVIZI BUONI ACQUISTO DOPPIA RICHIESTA OTP
NAW	NAW-3049	01 WELFARE STORIES DETTAGLIO STORY
NAW	NAW-3050	02 WELFARE STORIES DETTAGLIO STORY LONG TAP
NAW	NAW-3051	03 WELFARE STORIES DETTAGLIO STORY TAP A SINISTRA
NAW	NAW-3052	04 WELFARE STORIES DETTAGLIO STORY TAP A DESTRA
NAW	NAW-3053	05 WELFARE STORIES DETTAGLIO STORY SWIPE DESTRA
NAW	NAW-3054	06 WELFARE STORIES DETTAGLIO STORY SWIPE SINISTRA
NAW	NAW-3055	07 WELFARE STORIES DETTAGLIO STORY CTA ES "SCOPRI DI PIU"
NAW	NAW-3056	08 WELFARE STORIES DETTAGLIO STORY LOADING BAR
NAW	NAW-3057	09 WELFARE STORIES DETTAGLIO STORY ICONE LOADING BAR ICONA "X"
NAW	NAW-3058	10 WELFARE STORIES DETTAGLIO STORY ICONE LOADING BAR ICONA "PAUSE PLAY"
NAW	NAW-3059	11 WELFARE STORIES DETTAGLIO STORY ICONE LOADING BAR ICONA "AUDIO ATTIVO NON ATTIVO"
NAW	NAW-3060	12 WELFARE STORIES DETTAGLIO STORY ICONE LOADING BAR ICONA "AUDIO" NON PRESENTE
NAW	NAW-3073	01 POPUP CONSENSI TRACCIAMENTI
NAW	NAW-3074	02 POPUP CONSENSI TRACCIAMENTI LOGIN SUCCESSIVI
NAW	NAW-3075	LOGIN APP NAW CERTIFICATO DI PRIMO LIVELLO MULESOFT BUILD CON CERTIFICATO DI PRIMO LIVELLO RINNOVATO E PINNING AL SECONDO
NAW	NAW-3076	LOGIN APP NAW CERTIFICATO DI PRIMO LIVELLO MULESOFT BUILD CON CERTIFICATO DI PRIMO LIVELLO VECCHIO SENZA PINNING AL SECONDO
NAW	NAW-3079	01 ELENCO MOVIMENTI PERIODO
NAW	NAW-3080	02 ELENCO MOVIMENTI FILTRI
NAW	NAW-3083	01 BUONI ACQUISTO BUONI SHOPPING CANALE DI ACQUISTO BUONI
NAW	NAW-3085	01 WELFARE STORIES DETTAGLIO "STORIE" CARICAMENTO IMMAGINI
NAW	NAW-3086	02 WELFARE STORIES DETTAGLIO "STORIE" CARICAMENTO IMMAGINI CON AUDIO
NAW	NAW-3087	03 WELFARE STORIES DETTAGLIO "STORIE" CARICAMENTO VIDEO
NAW	NAW-3088	04 WELFARE STORIES DETTAGLIO "STORIE" CARICAMENTO VIDEO CON AUDIO
NAW	NAW-3093	01 PDR MODIFICA SCELTA PREMIO DATA SCADENZA BENEFIT < DATA CONSOLIDAMENTO
NAW	NAW-3095	01 WELFARE STORIES LINK INTERNI A CONTENTFUL CTA WELFARE STORIES NAW HOME PAGE
NAW	NAW-3096	02 WELFARE STORIES LINK INTERNI A CONTENTFUL CTA WELFARE STORIES NAW DETTAGLIO CREDITO
NAW	NAW-3097	03 WELFARE STORIES LINK INTERNI A CONTENTFUL CTA WELFARE STORIES NAW GESTIONE PDR*
NAW	NAW-3098	04 WELFARE STORIES LINK INTERNI A CONTENTFUL CTA WELFARE STORIES NAW SERVIZI WELFARE
NAW	NAW-3099	05 WELFARE STORIES LINK INTERNI A CONTENTFUL CTA WELFARE STORIES NAW SERVIZI WELFARE PARTNER ONLINE*
NAW	NAW-3100	06 WELFARE STORIES LINK INTERNI A CONTENTFUL CTA WELFARE STORIES NAW SERVIZI WELFARE BUONI ACQUISTO*
NAW	NAW-3101	07 WELFARE STORIES LINK INTERNI A CONTENTFUL CTA WELFARE STORIES NAW SERVIZI WELFARE VIAGGI*
NAW	NAW-3102	08 WELFARE STORIES LINK INTERNI A CONTENTFUL CTA WELFARE STORIES NAW SERVIZI WELFARE SPORT E BENESSERE*
NAW	NAW-3103	09 WELFARE STORIES LINK INTERNI A CONTENTFUL CTA WELFARE STORIES NAW SERVIZI WELFARE ISTRUZIONE E FORMAZIONE*
NAW	NAW-3104	10 WELFARE STORIES LINK INTERNI A CONTENTFUL CTA WELFARE STORIES NAW SERVIZI WELFARE CULTURA E TEMPO LIBERO*
NAW	NAW-3105	11 WELFARE STORIES LINK INTERNI A CONTENTFUL CTA WELFARE STORIES NAW SERVIZI WELFARE SANITA*
NAW	NAW-3106	12 WELFARE STORIES LINK INTERNI A CONTENTFUL CTA WELFARE STORIES NAW SERVIZI WELFARE TRASPORTI*
NAW	NAW-3107	13 WELFARE STORIES LINK INTERNI A CONTENTFUL CTA WELFARE STORIES NAW SERVIZI WELFARE PREVIDENZA*
NAW	NAW-3108	14 WELFARE STORIES LINK INTERNI A CONTENTFUL CTA WELFARE STORIES NAW SERVIZI WELFARE ALTRI BENEFIT*
NAW	NAW-3109	15 WELFARE STORIES LINK INTERNI A CONTENTFUL CTA WELFARE STORIES NAW SERVIZI WELFARE ASSISTENZA FAMILIARI*
NAW	NAW-3110	16 WELFARE STORIES LINK INTERNI A CONTENTFUL CTA WELFARE STORIES NAW SERVIZI WELFARE MUTUI*
NAW	NAW-3111	17 WELFARE STORIES LINK INTERNI A CONTENTFUL CTA WELFARE STORIES NAW ELENCO MOVIMENTI
NAW	NAW-3112	18 WELFARE STORIES LINK INTERNI A CONTENTFUL CTA WELFARE STORIES NAW IL TUO PROFILO
NAW	NAW-3113	19 WELFARE STORIES LINK INTERNI A CONTENTFUL CTA WELFARE STORIES NAW DATI WELFARE
NAW	NAW-3114	20 WELFARE STORIES LINK INTERNI A CONTENTFUL CTA WELFARE STORIES NAW I TUOI PIANI
NAW	NAW-3115	21 WELFARE STORIES LINK INTERNI A CONTENTFUL CTA WELFARE STORIES NAW ASSISTENZA
NAW	NAW-3116	22 WELFARE STORIES LINK INTERNI A CONTENTFUL CTA WELFARE STORIES HTTP HTTPS LINK ESTERNI
NAW	NAW-3117	23 WELFARE STORIES LINK INTERNI A CONTENTFUL CTA WELFARE STORIES CTA "<"
NAW	NAW-3140	24 WELFARE STORIES LINK INTERNI IN CONTENTFUL CTA WELFARE STORIES LINK NON VALORIZZATO
NAW	NAW-3141	23 WELFARE STORIES LINK INTERNI IN CONTENTFUL CTA WELFARE STORIES LINK NON VALORIZZATO
NAW	NAW-3142	01 NAW MAIL AL BENEFICIARIO RIMBORSO ISTRUZIONE E FORMAZIONE BOZZA
NAW	NAW-3143	02 NAW MAIL AL BENEFICIARIO RIMBORSO ISTRUZIONE E FORMAZIONE INVIO MAIL
NAW	NAW-3144	03 NAW MAIL AL BENEFICIARIO VOUCHER TICKET COMPLIMENTS DIGITALE INVIO MAIL
NAW	NAW-3145	04 NAW MAIL AL BENEFICIARIO VOUCHER TICKET COMPLIMENTS CARTACEO INVIO MAIL
NAW	NAW-3146	05 NAW MAIL AL BENEFICIARIO GIFT CARD A PACCHETTO INVIO MAIL
NAW	NAW-3147	06 NAW MAIL AL BENEFICIARIO GIFT CARD A IMPORTO LIBERO INVIO MAIL
NAW	NAW-3148	07 NAW MAIL AL BENEFICIARIO GIFT CARD CON DOPPIO CODICE INVIO MAIL
NAW	NAW-3149	08 NAW MAIL AL BENEFICIARIO VOUCHER TICKET WELFARE IVA INVIO MAIL
NAW	NAW-3150	09 NAW MAIL AL BENEFICIARIO VOUCHER TICKET WELFARE NON IVA INVIO MAIL
NAW	NAW-3160	RICERCA MERCHANT MERCHANT A PACCHETTI
NAW	NAW-3161	01 WELFARE STORIES DETTAGLIO STORY TEMPLATE 2 LONG TAP
NAW	NAW-3162	02 WELFARE STORIES DETTAGLIO STORY TEMPLATE 2 LONG TAP
NAW	NAW-3163	03 WELFARE STORIES DETTAGLIO STORY TEMPLATE 2 TAP A SINISTRA
NAW	NAW-3164	04 WELFARE STORIES DETTAGLIO STORY TEMPLATE 2 TAP A DESTRA
NAW	NAW-3165	05 WELFARE STORIES DETTAGLIO STORY TEMPLATE 2 SWIPE DESTRA
NAW	NAW-3166	06 WELFARE STORIES DETTAGLIO STORY TEMPLATE 2 SWIPE SINISTRA
NAW	NAW-3167	07 WELFARE STORIES DETTAGLIO STORY TEMPLATE 2 CTA ES "SCOPRI DI PIU"
NAW	NAW-3168	08 WELFARE STORIES DETTAGLIO STORY TEMPLATE 2 LOADING BAR
NAW	NAW-3169	09 WELFARE STORIES DETTAGLIO STORY TEMPLATE 2 ICONE LOADING BAR ICONA "X"
NAW	NAW-3170	10 WELFARE STORIES DETTAGLIO STORY TEMPLATE 2 ICONE LOADING BAR ICONA "PAUSE PLAY"
NAW	NAW-3171	11 WELFARE STORIES DETTAGLIO STORY TEMPLATE 2 ICONE LOADING BAR ICONA "AUDIO ATTIVO NON ATTIVO"
NAW	NAW-3172	12 WELFARE STORIES DETTAGLIO STORY TEMPLATE 2 ICONE LOADING BAR ICONA "AUDIO" NON PRESENTE
NAW	NAW-3185	01 SERVIZI WELFARE FONTE DOPPIA BUONI SHOPPING BUONI ACQUISTO CARTACEO
NAW	NAW-3186	02 SERVIZI WELFARE FONTE DOPPIA BUONI SHOPPING BUONI ACQUISTO DIGITALE
NAW	NAW-3187	03 SERVIZI WELFARE FONTE DOPPIA BUONI SHOPPING GIFTCARD IMPORTO LIBERO
NAW	NAW-3188	04 SERVIZI WELFARE FONTE DOPPIA BUONI SHOPPING GIFTCARD PACCHETTO
NAW	NAW-3189	05 SERVIZI WELFARE FONTE DOPPIA VOUCHER WELFARE A PACCHETTO
NAW	NAW-3190	06 SERVIZI WELFARE FONTE DOPPIA VOUCHER WELFARE A IMPORTO LIBERO
NAW	NAW-3191	07 SERVIZI WELFARE FONTE DOPPIA RIMBORSI ISTRUZIONE E FORMAZIONE
NAW	NAW-3192	01 WELFARE STORIES DETTAGLIO STORY TEMPLATE 2 CARICAMENTO STORIES DA CONTENTFUL
NAW	NAW-3193	02 WELFARE STORIES DETTAGLIO STORY TEMPLATE 2 CARICAMENTO STORIES DA CONTENTFUL CON AUDIO
NAW	NAW-3194	03 WELFARE STORIES DETTAGLIO STORY TEMPLATE 2 CARICAMENTO STORIES DA CONTENTFUL CON CTA
NAW	NAW-3195	04 WELFARE STORIES TEMPLATE 2 INTERFACCIA VERSO CONTENTFUL CTA VALORIZZATA COLORE 1
NAW	NAW-3196	05 WELFARE STORIES TEMPLATE 2 INTERFACCIA VERSO CONTENTFUL CTA VALORIZZATA COLORE 2
NAW	NAW-3202	RICERCA MERCHANT DETTAGLIO MERCHANT A PACCHETTO
NAW	NAW-3203	RICERCA MERCHANT MERCHANT A PACCHETTO RICHIESTA VOUCHER WELFARE
NAW	NAW-3204	RICERCA MERCHANT DETTAGLIO MERCHANT A IMPORTO LIBERO
NAW	NAW-3205	RICERCA MERCHANT MERCHANT A IMPORTO LIBERO RICHIESTA VOUCHER WELFARE
NAW	NAW-3210	01 SERVIZI WELFARE PARTNER ONLINE
NAW	NAW-3211	02 SERVIZI WELFARE PARTNER ONLINE DETTAGLIO PARTNER
NAW	NAW-3212	03 SERVIZI WELFARE BUONI ACQUISTO RICHIESTA BUONI SHOPPING DIGITALI
NAW	NAW-3213	04 SERVIZI WELFARE BUONI ACQUISTO RICHIESTA BUONI SHOPPING CARTACEI
NAW	NAW-3214	05 SERVIZI WELFARE BUONI ACQUISTO GIFTCARD A PACCHETTO
NAW	NAW-3215	06 SERVIZI WELFARE BUONI ACQUISTO GIFTCARD A IMPORTO LIBERO
NAW	NAW-3216	07 SERVIZI WELFARE BUONI ACQUISTO GIFTCARD CON DOPPIO CODICE
NAW	NAW-3217	08 SERVIZI WELFARE VOUCHER WELFARE A PACCHETTO
NAW	NAW-3218	09 SERVIZI WELFARE VOUCHER WELFARE A IMPORTO LIBERO
NAW	NAW-3219	10 SERVIZI WELFARE RIMBORSI ISTRUZIONE E FORMAZIONE
NAW	NAW-3230	01 ELENCO MOVIMENTI BUONI ACQUISTO CAMPO NUMERO PRATICA GIFTCARD
NAW	NAW-3231	02 ELENCO MOVIMENTI BUONI ACQUISTO CAMPO NUMERO PRATICA BUONI SHOPPING
NAW	NAW-3232	03 ELENCO MOVIMENTI VOUCHER WELFARE CAMPO NUMERO PRATICA VIAGGI
NAW	NAW-3233	04 ELENCO MOVIMENTI VOUCHER WELFARE CAMPO NUMERO PRATICA SPORT E BENESSERE
NAW	NAW-3234	05 ELENCO MOVIMENTI VOUCHER WELFARE CAMPO NUMERO PRATICA CULTURA E TEMPO LIBERO
NAW	NAW-3235	06 ELENCO MOVIMENTI RIMBORSI CAMPO NUMERO PRATICA ISTRUZIONE E FORMAZIONE
NAW	NAW-3236	07 ELENCO MOVIMENTI STATO ANNULLATO
NAW	NAW-3237	08 ELENCO MOVIMENTI STATO RESO
NAW	NAW-3238	09 ELENCO MOVIMENTI STATO EMESSO
NAW	NAW-3239	10 ELENCO MOVIMENTI STATO IN LAVORAZIONE
NAW	NAW-3240	11 ELENCO MOVIMENTI STATO INVIATA
NAW	NAW-3252	11 RICERCA MERCHANT SERVIZI WELFARE VISUALE LISTA
NAW	NAW-3253	12 RICERCA MERCHANT SERVIZI WELFARE VISUALE MAPPA
NAW	NAW-3254	13 RICERCA MERCHANT HOMEPAGE VISUALE LISTA
NAW	NAW-3255	14 RICERCA MERCHANT HOMEPAGE MAPPA
NAW	NAW-3260	01 WELFARE STORIES DETTAGLIO STORY TEMPLATE 3 LONG TAP
NAW	NAW-3261	02 WELFARE STORIES DETTAGLIO STORY TEMPLATE 3 LONG TAP
NAW	NAW-3262	03 WELFARE STORIES DETTAGLIO STORY TEMPLATE 3 TAP A SINISTRA
NAW	NAW-3263	04 WELFARE STORIES DETTAGLIO STORY TEMPLATE 3 TAP A DESTRA
NAW	NAW-3264	05 WELFARE STORIES DETTAGLIO STORY TEMPLATE 3 SWIPE DESTRA
NAW	NAW-3265	06 WELFARE STORIES DETTAGLIO STORY TEMPLATE 3 SWIPE SINISTRA
NAW	NAW-3266	07 WELFARE STORIES DETTAGLIO STORY TEMPLATE 3 CTA ES "SCOPRI DI PIU"
NAW	NAW-3267	08 WELFARE STORIES DETTAGLIO STORY TEMPLATE 3 LOADING BAR
NAW	NAW-3268	09 WELFARE STORIES DETTAGLIO STORY TEMPLATE 3 ICONE LOADING BAR ICONA "X"
NAW	NAW-3269	10 WELFARE STORIES DETTAGLIO STORY TEMPLATE 3 ICONE LOADING BAR ICONA "PAUSE PLAY"
NAW	NAW-3270	11 WELFARE STORIES DETTAGLIO STORY TEMPLATE 3 ICONE LOADING BAR ICONA "AUDIO ATTIVO NON ATTIVO"
NAW	NAW-3271	12 WELFARE STORIES DETTAGLIO STORY TEMPLATE 3 ICONE LOADING BAR ICONA "AUDIO" NON PRESENTE
NAW	NAW-3284	01 WELFARE STORIES GESTIONE LINK INTERNI USE CASE 1 CTA IN HOMEPAGE
NAW	NAW-3285	02 WELFARE STORIES GESTIONE LINK INTERNI USE CASE 2 CTA PER PAGINE DI SECONDO LIVELLO
NAW	NAW-3286	03 WELFARE STORIES GESTIONE LINK INTERNI USE CASE 3 CTA PER GESTIONE PREMIO DE
NAW	NAW-3287	04 WELFARE STORIES GESTIONE LINK INTERNI USE CASE 3 CTA PER DETTAGLIO CREDITO
NAW	NAW-3288	05 WELFARE STORIES GESTIONE LINK INTERNI USE CASE 4 CTA PER PAGINE DI PRIMO LIVELLO SERVIZI WELFARE
NAW	NAW-3289	06 WELFARE STORIES GESTIONE LINK INTERNI USE CASE 4 CTA PER PAGINE DI PRIMO LIVELLO ELENCO MOVIMENTI
NAW	NAW-3290	07 WELFARE STORIES GESTIONE LINK INTERNI USE CASE 4 CTA PER PAGINE DI PRIMO LIVELLO PROFILO
NAW	NAW-3291	01 ELENCO MOVIMENTI BUONI SHOPPING DOWNLOAD PDF VOUCHER POSTMAN STESSA UTENZA
NAW	NAW-3292	02 ELENCO MOVIMENTI BUONI SHOPPING DOWNLOAD PDF VOUCHER POSTMAN DIVERSA UTENZA
NAW	NAW-3293	03 NRT ELENCO MOVIMENTI BUONI SHOPPING DOWNLOAD PDF VOUCHER
NAW	NAW-3294	04 NRT ELENCO MOVIMENTI BUONI SHOPPING DOWNLOAD PDF VOUCHER
NAW	NAW-3388	SERVIZI WELFARE BUONI ACQUISTO BUONI SHOPPING DATA DI SCADENZA BENEFIT
NAW	NAW-3432	22 MENU DATI WELFARE I TUOI FAMILIARI AGGIUNGI FAMILIARE
NAW	NAW-3433	23 MENU DATI WELFARE I TUOI FAMILIARI ABILITA DISABILITA FAMILIARE
NAW	NAW-3434	24 MENU DATI WELFARE I TUOI FAMILIARI MODIFICA FAMILIARE
NAW	NAW-3435	25 MENU DATI WELFARE I TUOI FAMILIARI ELIMINA FAMILIARE
NAW	NAW-3440	01 HOMEPAGE WELFARE STORIES NAVIGAZIONE TRA GRUPPI DI STORIE TAP LATERALE
NAW	NAW-3441	02 HOMEPAGE WELFARE STORIES NAVIGAZIONE TRA GRUPPI DI STORIE TAP A DESTRA GRUPPO DI STORIE PRECEDENTEMENTE NAVIGATO
NAW	NAW-3442	03 HOMEPAGE WELFARE STORIES NAVIGAZIONE TRA GRUPPI DI STORIE SWIPE VERSO DESTRA
NAW	NAW-3443	04 HOMEPAGE WELFARE STORIES NAVIGAZIONE TRA GRUPPI DI STORIE SWIPE VERSO DESTRA NESSUNA NAVIGAZIONE PRECEDENTE
NAW	NAW-3448	01 SERVIZI WELFARE RICERCA MERCHANT FILTRI
NAW	NAW-3449	02 HOMEPAGE RICERCA MERCHANT FILTRI
NAW	NAW-3450	01 NAW SSO FERSERVIZI UTENZA FS PRIMA LOGIN
NAW	NAW-3451	03 NAW SSO FERSERVIZI UTENZA STRADEANAS PRIMA LOGIN
NAW	NAW-3454	02 NAW SSO FERSERVIZI UTENZA FS SECONDA LOGIN
NAW	NAW-3455	04 NAW SSO FERSERVIZI UTENZA STRADEANAS SECONDA LOGIN
NAW	NAW-3458	01 SERVIZI WELFARE RIMBORSI ISTRUZIONE E FORMAZIONE DATA SCADENZA RIMBORSO
NAW	NAW-3459	02 SERVIZI WELFARE RIMBORSI ISTRUZIONE E FORMAZIONE DATA SCADENZA RIMBORSO DOPPIO BENEFIT
NAW	NAW-3460	03 SERVIZI WELFARE RIMBORSI SANITA DATA SCADENZA RIMBORSO
NAW	NAW-3461	04 SERVIZI WELFARE RIMBORSI SANITA DATA SCADENZA RIMBORSO DOPPIO BENEFIT
NAW	NAW-3462	05 SERVIZI WELFARE RIMBORSI ASSISTENZA FAMILIARI DATA SCADENZA RIMBORSO
NAW	NAW-3463	06 SERVIZI WELFARE RIMBORSI ASSISTENZA FAMILIARI DATA SCADENZA RIMBORSO DOPPIO BENEFIT
NAW	NAW-3464	07 SERVIZI WELFARE RIMBORSI TRASPORTO DATA SCADENZA RIMBORSO
NAW	NAW-3465	08 SERVIZI WELFARE RIMBORSI TRASPORTO DATA SCADENZA RIMBORSO DOPPIO BENEFIT
NAW	NAW-3474	01 SERVIZI WELFARE PREVIDENZA REINDIRIZZAMENTO AL PORTALE
NAW	NAW-3475	02 SERVIZI WELFARE MUTUI REINDIRIZZAMENTO AL PORTALE
NAW	NAW-3476	01 HOMEPAGE WELFARE STORIES ORDINE DELLE CARD
NAW	NAW-3477	01 WAF MIGRATION RAGGIUNGIBILITA CHIAMATE MULESOFT NAW
NAW	NAW-3478	02 WAF MIGRATION RAGGIUNGIBILITA CHIAMATE MULESOFT NUP
NAW	NAW-3479	01 LOGIN AUTOLOGIN AUTOLOGIN POST AGGIORNAMENTO APP SALVATAGGIO DATI DI ACCESSO
NAW	NAW-3480	01 ELENCO MOVIMENTI CAMBIA PIANO
NAW	NAW-3481	02 ELENCO MOVIMENTI SALDO VEDI DETTAGLIO
NAW	NAW-3482	03 ELENCO MOVIMENTI FILTRI RAPIDI TUTTI
NAW	NAW-3483	04 ELENCO MOVIMENTI FILTRI RAPIDI BUONI ACQUISTO
NAW	NAW-3484	05 ELENCO MOVIMENTI FILTRI RAPIDI VOUCHER
NAW	NAW-3485	06 ELENCO MOVIMENTI FILTRI RAPIDI RIMBORSI
NAW	NAW-3486	07 ELENCO MOVIMENTI FILTRI PERIODO
NAW	NAW-3487	08 ELENCO MOVIMENTI FILTRI CATEGORIA TRASPORTO
NAW	NAW-3488	09 ELENCO MOVIMENTI FILTRI CATEGORIA ISTRUZIONE E FORMAZIONE
NAW	NAW-3489	10 ELENCO MOVIMENTI FILTRI CATEGORIA BUONI ACQUISTO
NAW	NAW-3490	11 ELENCO MOVIMENTI FILTRI CATEGORIA VIAGGI
NAW	NAW-3491	12 ELENCO MOVIMENTI FILTRI CATEGORIA SPORT E BENESSERE
NAW	NAW-3492	13 ELENCO MOVIMENTI FILTRI CATEGORIA CULTURA E TEMPO LIBERO
NAW	NAW-3493	14 ELENCO MOVIMENTI FILTRI CATEGORIA SANITA
NAW	NAW-3494	15 ELENCO MOVIMENTI FILTRI CATEGORIA ASSISTENZA FAMILIARI
NAW	NAW-3495	16 ELENCO MOVIMENTI FILTRI CATEGORIA GIFTCARD
NAW	NAW-3496	17 ELENCO MOVIMENTI FILTRI CATEGORIA ALTRO
NAW	NAW-3497	18 ELENCO MOVIMENTI FILTRI STATO ANNULLATO
NAW	NAW-3498	19 ELENCO MOVIMENTI FILTRI STATO RESO
NAW	NAW-3499	20 ELENCO MOVIMENTI FILTRI STATO BOZZA
NAW	NAW-3500	21 ELENCO MOVIMENTI FILTRI STATO IN LAVORAZIONE
NAW	NAW-3501	22 ELENCO MOVIMENTI FILTRI STATO EMESSO
NAW	NAW-3502	23 ELENCO MOVIMENTI FILTRI STATO APPROVATA
NAW	NAW-3503	24 ELENCO MOVIMENTI FILTRI STATO INVIATA
NAW	NAW-3504	25 ELENCO MOVIMENTI FILTRI CANCELLA FILTRI
NAW	NAW-3530	01 LOGIN AUTOLOGIN BIOMETRIA
NAW	NAW-3531	02 LOGIN AUTOLOGIN PIN
NAW	NAW-3532	03 LOGIN AUTOLOGIN IMPOSTAZIONI BIOMETRIA ON OFF
NAW	NAW-3533	04 LOGIN AUTOLOGIN BIOMETRIA CON PIN
NAW	NAW-3534	05 LOGIN AUTOLOGIN MODIFICA PIN
NAW	NAW-3535	01 LOGIN NRT CONSENSO TRACCIAMENTI
NAW	NAW-3536	02 LOGIN CONSENSO TRACCIAMENTI TACCIAMENTI INIBITI PER FERSERVIZI
NAW	NAW-3539	01 SERVIZI WELFARE RIMBORSI BENEFIT ISTRUZIONE E FORMAZIONE CUSTOM
NAW	NAW-3540	02 SERVIZI WELFARE RIMBORSI DOPPIO BENEFIT ISTRUZIONE E FORMAZIONE CUSTOM + STANDARD
NAW	NAW-3541	03 SERVIZI WELFARE RIMBORSI ISTRUZIONE E FORMAZIONE
NAW	NAW-3542	04 SERVIZI WELFARE RIMBORSI SANITA
NAW	NAW-3543	05 SERVIZI WELFARE RIMBORSI TRASPORTO
NAW	NAW-3544	06 SERVIZI WELFARE RIMBORSI ASSISTENZA FAMILIARI
NAW	NAW-3545	07 SERVIZI WELFARE RIMBORSI MUTUI
NAW	NAW-3553	01 LOGIN SSO FERSERVIZI LOGIN CON MAIL ESTESA FS
NAW	NAW-3554	02 LOGIN SSO FERSERVIZI LOGIN FS SECONDO ACCESSO
NAW	NAW-3555	03 LOGIN SSO FERSERVIZI LOGIN ANAS SECONDO ACCESSO
NAW	NAW-3556	04 PROFILO DATI DI ACCESSO UTENZA FS
NAW	NAW-3557	05 PROFILO MODIFICA DEI DATI PERSONALI UTENZA FS
NAW	NAW-3558	06 LOGIN SSO NRT SECONDO ACCESSO
NAW	NAW-3559	07 LOGIN NO SSO
NAW	NAW-3567	01 RICERCA MERCHANT RICERCA PER INDIRIZZO
NAW	NAW-3568	02 RICERCA MERCHANT GEOLOCALIZZAZIONE NON ATTIVA RICERCA PER INDIRIZZO
NAW	NAW-3569	01 GESTIONE PDR SCAGLIONI %
NAW	NAW-3570	02 GESTIONE PDR SCELTA LIBERA
NAW	NAW-3571	03 GESTIONE PDR SCAGLIONI €
NAW	NAW-3572	04 GESTIONE PDR SCAGLIONI % AL BUIO
NAW	NAW-3573	05 GESTIONE PDR SCELTA LIBERA AL BUIO
NAW	NAW-3574	06 GESTIONE PDR MODIFICA SCELTA SCAGLIONI %
NAW	NAW-3575	07 GESTIONE PDR MODIFICA SCELTA SCELTA LIBERA
NAW	NAW-3576	08 GESTIONE PDR MODIFICA SCELTA SCAGLIONI €
NAW	NAW-3577	09 GESTIONE PDR MODIFICA SCELTA SCAGLIONI % AL BUIO
NAW	NAW-3578	10 GESTIONE PDR MODIFICA SCELTA SCELTA LIBERA AL BUIO
NAW	NAW-3579	03 RICERCA MERCHANT HOMEPAGE RICERCA PER INDIRIZZO
NAW	NAW-3580	01 SERVIZI WELFARE BENEFIT SCADUTI
NAW	NAW-3581	01 HOMEPAGE BANNER IN STATO "DRAFT" IN HOMEPAGE
NAW	NAW-3582	01 SERVIZI WELFARE BANCA D'ITALIA DROPDOWN >1 BENEFIT PER CATEGORIA
NAW	NAW-3583	02 SERVIZI WELFARE BANCA D'ITALIA DROPDOWN >1 BENEFIT PER CATEGORIA CAMBIO BENEFIT
NAW	NAW-3584	03 SERVIZI WELFARE BANCA D'ITALIA SINGOLO BENEFIT
NAW	NAW-3585	04 SERVIZI WELFARE BANCA D'ITALIA VOUCHER WELFARE VIAGGI PENSIONATI BANCA D'ITALIA
NAW	NAW-3586	05 SERVIZI WELFARE BANCA D'ITALIA VOUCHER WELFARE SPORT E BENESSERE VOUCHER PENSIONATI
NAW	NAW-3587	06 SERVIZI WELFARE BANCA D'ITALIA VOUCHER WELFARE CULTURA E TEMPO LIBERO VOUCHER FIGLI
NAW	NAW-3588	07 SERVIZI WELFARE BANCA D'ITALIA VOUCHER WELFARE ISTRUZIONE E FORMAZIONE VOUCHER FIGLI
NAW	NAW-3589	08 SERVIZI WELFARE BANCA D'ITALIA VOUCHER WELFARE SANITA VOUCHER PENSIONATI
NAW	NAW-3590	09 SERVIZI WELFARE BANCA D'ITALIA VOUCHER WELFARE ASSISTENZA FAMILIARI VOUCHER FIGLI
NAW	NAW-3591	10 SERVIZI WELFARE BANCA D'ITALIA VOUCHER WELFARE ASSISTENZA FAMILIARI VOUCHER BABY SITTER
NAW	NAW-3592	11 SERVIZI WELFARE BANCA D'ITALIA VOUCHER WELFARE BENEFIT FONTI
NAW	NAW-3593	12 SERVIZI WELFARE BANCA D'ITALIA RIMBORSI ISTRUZIONE E FORMAZIONE RIMBORSO FIGLI
NAW	NAW-3594	13 SERVIZI WELFARE BANCA D'ITALIA RIMBORSI SANITA PAGINA DI CORTESIA
NAW	NAW-3595	14 SERVIZI WELFARE BANCA D'ITALIA RIMBORSI TRASPORTO PAGINA DI CORTESIA
NAW	NAW-3596	15 SERVIZI WELFARE BANCA D'ITALIA RIMBORSI ASSISTENZA FAMILIARI PAGINA DI CORTESIA
NAW	NAW-3597	16 SERVIZI WELFARE BANCA D'ITALIA RIMBORSI UTENZE DOMESTICHE PAGINA DI CORTESIA
NAW	NAW-3598	17 SERVIZI WELFARE BUONI ACQUISTO TAB BUONI SHOPPING
NAW	NAW-3599	18 SERVIZI WELFARE PARTNER ONLINE
NAW	NAW-3600	19 SERVIZI WELFARE ALTRI BENEFIT TAB
NAW	NAW-3601	20 SERVIZI WELFARE BUONI ACQUISTO TAB BUONI SHOPPING
NAW	NAW-3602	23 SERVIZI WELFARE BANCA D'ITALIA RIMBORSI ISTRUZIONE BENEFIT FONTI
NAW	NAW-3624	01 SERVIZI WELFARE RICHIESTA VOUCHER WELFARE
NAW	NAW-3625	02 ELENCO MOVIMENTI DETTAGLIO VOUCHER
NAW	NAW-3628	01 REGISTRAZIONE PRODOTTO CAMPO EMAIL NON PRESENTE
NAW	NAW-3629	02 REGISTRAZIONE PRODOTTO CAMPO EMAIL PRESENTE
NAW	NAW-3632	01 RIMBORSI ISTRUZIONE E FORMAZIONE BDI RICHIESTA DI RIMBORSO
NAW	NAW-3633	02 RIMBORSI ISTRUZIONE E FORMAZIONE BDI SALVATAGGIO IN BOZZA PASSAGGIO IMPORTO
NAW	NAW-3634	03 RIMBORSI ISTRUZIONE E FORMAZIONE BDI SALVATAGGIO IN BOZZA PASSAGGIO RIEPILOGO
NAW	NAW-3635	04 RIMBORSI ISTRUZIONE E FORMAZIONE BDI RIPRESA DELLA BOZZA PASSAGGIO IMPORTO
NAW	NAW-3636	05 RIMBORSI ISTRUZIONE E FORMAZIONE BDI RIPRESA DELLA BOZZA PASSAGGIO RIEPILOGO
NAW	NAW-3642	01 PROFILO FERSERVIZI INIBIZIONE SEZIONE DATI DI ACCESSO
NAW	NAW-3644	01 SERVIZI VOUCHER WELFARE VOUCHER A PACCHETTO CREDITO UTILIZZABILE
NAW	NAW-3645	02 SERVIZI VOUCHER WELFARE VOUCHER A PACCHETTO CREDITO UTILIZZABILE CREDITO NON SUFFICIENTE
NAW	NAW-3646	03 SERVIZI VOUCHER WELFARE VOUCHER A IMPORTO LIBERO CREDITO UTILIZZABILE
NAW	NAW-3647	04 SERVIZI VOUCHER WELFARE VOUCHER A IMPORTO LIBERO CREDITO UTILIZZABILE CREDITO NON SUFFICIENTE
NAW	NAW-3648	05 SERVIZI VOUCHER WELFARE VOUCHER A PACCHETTO PIANO MONOFONTE
NAW	NAW-3649	06 SERVIZI VOUCHER WELFARE VOUCHER A PACCHETTO FONTI AUTONOME
NAW	NAW-3650	07 SERVIZI VOUCHER WELFARE VOUCHER A PACCHETTO FONTI NON AUTONOME
NAW	NAW-3651	08 SERVIZI VOUCHER WELFARE VOUCHER A IMPORTO LIBERO PIANO MONOFONTE
NAW	NAW-3652	09 SERVIZI VOUCHER WELFARE VOUCHER A IMPORTO LIBERO FONTI AUTONOME
NAW	NAW-3653	10 SERVIZI VOUCHER WELFARE VOUCHER A IMPORTO LIBERO FONTI NON AUTONOME
NAW	NAW-3654	11 SERVIZI RIMBORSI ISTRUZIONE E FORMAZIONE PIANO MONOFONTE
NAW	NAW-3655	12 SERVIZI RIMBORSI ISTRUZIONE E FORMAZIONE FONTI AUTONOME
NAW	NAW-3656	13 SERVIZI RIMBORSI ISTRUZIONE E FORMAZIONE FONTI NON AUTONOME
NAW	NAW-3670	01 DATI WELFARE I TUOI FAMILIARI AGGIUNGI FAMILIARI DISCLAIMER
NAW	NAW-3671	02 DATI WELFARE I TUOI FAMILIARI MODIFICA FAMILIARI DISCLAIMER
NAW	NAW-3672	03 VOUCHER WELFARE AGGIUNGI FAMILIARI DISCLAIMER
NAW	NAW-3673	04 RIMBORSI ISTRUZIONE E FORMAZIONE AGGIUNGI FAMILIARI DISCLAIMER
NAW	NAW-3678	01 VOUCHER WELFARE PAGINA DI DETTAGLIO CTA "<"
NAW	NAW-3679	01 HOMEPAGE RICERCA MERCHANT FILTRI CTA "X"
NAW	NAW-3680	02 SERVIZI VOUCHER WELFARE RICERCA MERCHANT FILTRI CTA "X"
NAW	NAW-3681	01 VOUCHER WELFARE VOUCHER A IMPORTO CAMPI DI INPUT IMPORTO
NAW	NAW-3682	02 VOUCHER WELFARE VOUCHER A IMPORTO CAMPI DI INPUT INSERIMENTO BENEFICIARIO
NAW	NAW-3683	03 VOUCHER WELFARE VOUCHER A LISTINO CAMPI DI INPUT INSERIMENTO BENEFICIARIO
NAW	NAW-3684	04 RIMBORSI ISTRUZIONE E FORMAZIONE CAMPI DI INPUT INSERIMENTO BENEFICIARIO
NAW	NAW-3685	05 RIMBORSI ISTRUZIONE E FORMAZIONE CAMPI DI INPUT DATI ESERCENTE
NAW	NAW-3686	06 RIMBORSI ISTRUZIONE E FORMAZIONE CAMPI DI INPUT DATI PRESTAZIONE
NAW	NAW-3687	07 RIMBORSI ISTRUZIONE E FORMAZIONE CAMPI DI INPUT IMPORTO
NAW	NAW-3688	01 AGGIORNAMENTO CREDITO IN HOMEPAGE GIFTCARD
NAW	NAW-3689	02 AGGIORNAMENTO CREDITO IN HOMEPAGE BUONI SHOPPING
NAW	NAW-3690	03 AGGIORNAMENTO CREDITO IN HOMEPAGE VOUCHER WELFARE
NAW	NAW-3691	04 AGGIORNAMENTO CREDITO IN HOMEPAGE RIMBORSI
NAW	NAW-3692	01 VOUCHER WELFARE MERCHANT A LISTINO PAGINA DI DETTAGLIO
NAW	NAW-3693	02 VOUCHER WELFARE MERCHANT A LISTINO FLUSSO SERVIZI PAGINA DI DETTAGLIO CTA "<"
NAW	NAW-3694	03 VOUCHER WELFARE MERCHANT A LISTINO FLUSSO HOMEPAGE PAGINA DI DETTAGLIO CTA "<"
NAW	NAW-3695	04 VOUCHER WELFARE MERCHANT A LISTINO PAGINA DI DETTAGLIO CAMBIA PIANO
NAW	NAW-3696	05 VOUCHER WELFARE MERCHANT A LISTINO PAGINA DI DETTAGLIO CTA CONTATTI
NAW	NAW-3697	06 VOUCHER WELFARE MERCHANT A LISTINO PAGINA DI DETTAGLIO CAROSELLO ALTERNATIVE SIMILI
NAW	NAW-3698	07 VOUCHER WELFARE MERCHANT A LISTINO PAGINA DI DETTAGLIO ALTERNATIVE SIMILI DETTAGLIO MERCHANT
NAW	NAW-3699	08 VOUCHER WELFARE MERCHANT A LISTINO PAGINA DI DETTAGLIO PROSEGUI
NAW	NAW-3700	09 VOUCHER WELFARE MERCHANT A LISTINO PAGINA DI DETTAGLIO SCROLL
NAW	NAW-3701	10 VOUCHER WELFARE MERCHANT A LISTINO PAGINA DI DETTAGLIO <4 PRESTAZIONI
NAW	NAW-3702	11 VOUCHER WELFARE MERCHANT A LISTINO PAGINA DI DETTAGLIO >4 PRESTAZIONI
NAW	NAW-3703	12 VOUCHER WELFARE MERCHANT A LISTINO PAGINA DI DETTAGLIO >4 PRESTAZIONI BOTTONE FILTRI
NAW	NAW-3704	13 VOUCHER WELFARE MERCHANT A LISTINO PAGINA DI DETTAGLIO >4 PRESTAZIONI MOSTRA TUTTO
NAW	NAW-3705	14 VOUCHER WELFARE MERCHANT A LISTINO PAGINA DI DETTAGLIO >4 PRESTAZIONI MOSTRA MENO
NAW	NAW-3706	15 VOUCHER WELFARE MERCHANT A LISTINO PAGINA DI DETTAGLIO PARTNER STA AGGIORNANDO LE PRESTAZIONI
NAW	NAW-3707	16 VOUCHER WELFARE MERCHANT A LISTINO PAGINA DI DETTAGLIO GESTIONE ERRORI CREDITO DISPONIBILE INFERIORE AL VALORE DELLE PRESTAZIONI
NAW	NAW-3825	STS 20805 PREMIO DI RISULTATO ERRONEAMENTE VISIBILE SU SUPPORT 3750
NAW	NAW-3826	STS 20806 PROBLEMI DI STABILITA PIU FREQUENTI PER 2024 07 22 COM EDENRED IT WELFARE SUPPORT 3608
NAW	NAW-3827	STS 20819 PROBLEMI DI STABILITA PIU FREQUENTI PER 2024 07 23 COM EDENRED IT WELFARE SUPPORT 3616
NAW	NAW-3828	01 VOUCHER WELFARE SPORT E BENESSERE TYP
NAW	NAW-3829	02 VOUCHER WELFARE VIAGGI TYP
NAW	NAW-3830	03 VOUCHER WELFARE CULTURA E TEMPO LIBERO TYP
NAW	NAW-3831	04 VOUCHER WELFARE ISTRUZIONE E FORMAZIONE TYP
NAW	NAW-3832	STS 20830 PROBLEMI DI STABILITA PIU FREQUENTI PER 2024 07 26 COM EDENRED IT WELFARE SUPPORT 4056
NAW	NAW-3833	STS 20829 APP MY WELFARE ERRORE SUPPORT 4258
NAW	NAW-3848	VOUCHER WELFARE MERCHANT A LISTINO PAGINA ISTRUZIONI
NAW	NAW-3849	VOUCHER WELFARE MERCHANT A LISTINO PAGINA ISTRUZIONI CTA "X"
NAW	NAW-3850	VOUCHER WELFARE MERCHANT A LISTINO PAGINA ISTRUZIONI CTA CONTATTI
NAW	NAW-3851	VOUCHER WELFARE MERCHANT A LISTINO PAGINA ISTRUZIONI VIDEO GUIDA
NAW	NAW-3852	VOUCHER WELFARE MERCHANT A LISTINO PAGINA ISTRUZIONI ACCORDION
NAW	NAW-3853	VOUCHER WELFARE MERCHANT A LISTINO PAGINA ISTRUZIONI SCROLL DOWN UP
NAW	NAW-3854	VOUCHER WELFARE MERCHANT A LISTINO PAGINA ISTRUZIONI CAROSELLO ALTERNATIVE SIMILI
NAW	NAW-3855	VOUCHER WELFARE MERCHANT A LISTINO PAGINA ISTRUZIONI CAROSELLO ALTERNATIVE SIMILI SCROLL DESTRA SINISTRA
NAW	NAW-3856	VOUCHER WELFARE MERCHANT A LISTINO PAGINA DI DETTAGLIO GESTIONE ERRORI CREDITO DISPONIBILE INFERIORE AL VALORE DELLE PRESTAZIONI
NAW	NAW-3857	VOUCHER WELFARE MERCHANT A IMPORTO LIBERO PAGINA ISTRUZIONI
NAW	NAW-3858	VOUCHER WELFARE MERCHANT A IMPORTO LIBERO PAGINA ISTRUZIONI CTA "X"
NAW	NAW-3859	VOUCHER WELFARE MERCHANT A IMPORTO LIBERO PAGINA ISTRUZIONI CTA CONTATTI
NAW	NAW-3860	VOUCHER WELFARE MERCHANT A IMPORTO LIBERO PAGINA ISTRUZIONI VIDEO GUIDA
NAW	NAW-3861	VOUCHER WELFARE MERCHANT A IMPORTO LIBERO PAGINA ISTRUZIONI ACCORDION
NAW	NAW-3862	VOUCHER WELFARE MERCHANT A IMPORTO LIBERO PAGINA ISTRUZIONI SCROLL DOWN UP
NAW	NAW-3863	VOUCHER WELFARE MERCHANT A IMPORTO LIBERO PAGINA ISTRUZIONI CAROSELLO ALTERNATIVE SIMILI
NAW	NAW-3864	VOUCHER WELFARE MERCHANT A IMPORTO LIBERO PAGINA ISTRUZIONI CAROSELLO ALTERNATIVE SIMILI SCROLL DESTRA SINISTRA
NAW	NAW-3865	VOUCHER WELFARE MERCHANT A IMPORTO LIBERO PAGINA DI DETTAGLIO GESTIONE ERRORI CREDITO DISPONIBILE INFERIORE AL VALORE DELLE PRESTAZIONI
NAW	NAW-3896	GESTIONE PIANO SCADUTO ELENCO MOVIMENTI
NAW	NAW-3950	VOUCHER WELFARE STEP DI SCELTA BENEFICIARIO DROPDOWN
NAW	NAW-3951	VOUCHER WELFARE STEP DI SCELTA BENEFICIARIO SELEZIONE BENEFICIARIO
NAW	NAW-3952	VOUCHER WELFARE STEP DI SCELTA BENEFICIARIO LIMITE CREDITO PERSONALIZZATO BENEFICIARIO
NAW	NAW-3953	VOUCHER WELFARE STEP DI SCELTA BENEFICIARIO LIMITE CREDITO PERSONALIZZATO FONTE BENEFIT < CREDITO BENEFICIARIO
NAW	NAW-3954	VOUCHER WELFARE STEP DI SCELTA BENEFICIARIO LIMITE CREDITO PERSONALIZZATO FONTE BENEFIT > CREDITO BENEFICIARIO
NAW	NAW-3955	VOUCHER WELFARE STEP DI SCELTA BENEFICIARIO LIMITE CREDITO PERSONALIZZATO BENEFIT CON FONTE DI EROSIONE E LIMITE BENEFICIARIO
NAW	NAW-3956	VOUCHER WELFARE STEP DI SCELTA BENEFICIARIO LIMITE CREDITO PERSONALIZZATO BENEFIT CON FONTE DI EROSIONE E LIMITE BENEFICIARIO SU FONTE DIVERSA
NAW	NAW-3957	VOUCHER WELFARE STEP DI SCELTA BENEFICIARIO LIMITE CREDITO NON PERSONALIZZATO
NAW	NAW-3958	VOUCHER WELFARE STEP DI SCELTA BENEFICIARIO LIMITE CREDITO NON PERSONALIZZATO BENEFIT CON FONTE DI EROSIONE
NAW	NAW-3959	VOUCHER WELFARE STEP DI SCELTA BENEFICIARIO AGGIUNGI BENEFICIARIO
NAW	NAW-3960	VOUCHER WELFARE STEP DI SCELTA BENEFICIARIO FILTRI
NAW	NAW-3961	VOUCHER WELFARE STEP DI SCELTA BENEFICIARIO LISTINO PRESTAZIONI RADIO BUTTON
NAW	NAW-3962	VOUCHER WELFARE STEP DI SCELTA BENEFICIARIO LISTINO PRESTAZIONI IMPORTO PRESTAZIONE > CREDITO
NAW	NAW-3963	VOUCHER WELFARE STEP DI SCELTA BENEFICIARIO CTA INDIETRO
NAW	NAW-3964	VOUCHER WELFARE STEP DI SCELTA BENEFICIARIO CTA "X"
NAW	NAW-3999	VOUCHER WELFARE STEP DI SCELTA BENEFICIARIO IMPORTO LIBERO
NAW	NAW-4000	VOUCHER WELFARE STEP DI SCELTA BENEFICIARIO IMPORTO LIBERO CTA "X"
NAW	NAW-4001	VOUCHER WELFARE STEP DI SCELTA BENEFICIARIO IMPORTO LIBERO SELEZIONE BENEFICIARIO
NAW	NAW-4002	VOUCHER WELFARE STEP DI SCELTA BENEFICIARIO IMPORTO LIBERO AGGIUNTA BENEFICIARIO
NAW	NAW-4003	VOUCHER WELFARE STEP DI SCELTA BENEFICIARIO IMPORTO LIBERO SELEZIONA PRESTAZIONE
NAW	NAW-4004	VOUCHER WELFARE STEP DI SCELTA BENEFICIARIO IMPORTO LIBERO CTA INDIETRO
NAW	NAW-4005	VOUCHER WELFARE STEP DI SCELTA BENEFICIARIO IMPORTO LIBERO INSERIMENTO IMPORTO
NAW	NAW-4006	VOUCHER WELFARE STEP DI SCELTA BENEFICIARIO IMPORTO LIBERO GESTIONE ERRORI CAMPO IMPORTO RICHIESTO OBBLIGATORIO
NAW	NAW-4007	VOUCHER WELFARE STEP DI SCELTA BENEFICIARIO IMPORTO LIBERO GESTIONE ERRORI CAMPO PRESTAZIONE OBBLIGATORIO
NAW	NAW-4008	VOUCHER WELFARE STEP DI SCELTA BENEFICIARIO IMPORTO LIBERO GESTIONE ERRORI IMPORTO MAGGIORE DEL CREDITO DISPONIBILE
NAW	NAW-4009	VOUCHER WELFARE STEP DI SCELTA BENEFICIARIO IMPORTO LIBERO CTA "PROSEGUI"
NAW	NAW-4054	VOUCHER WELFARE VOUCHER A IMPORTO PAGINA DELLE FONTI
NAW	NAW-4055	VOUCHER WELFARE VOUCHER A IMPORTO PAGINA DELLE FONTI CTA "X"
NAW	NAW-4056	VOUCHER WELFARE VOUCHER A IMPORTO PAGINA DELLE FONTI MONOFONTE
NAW	NAW-4057	VOUCHER WELFARE VOUCHER A IMPORTO PAGINA DELLE FONTI MONOFONTE GENERAZIONE VOUCHER
NAW	NAW-4058	VOUCHER WELFARE VOUCHER A IMPORTO PAGINA DELLE FONTI MULTIFONTE AUTONOME
NAW	NAW-4059	VOUCHER WELFARE VOUCHER A IMPORTO PAGINA DELLE FONTI MULTIFONTE AUTONOME GENERAZIONE VOUCHER
NAW	NAW-4060	VOUCHER WELFARE VOUCHER A IMPORTO PAGINA DELLE FONTI MULTIFONTE NON AUTONOME
NAW	NAW-4061	VOUCHER WELFARE VOUCHER A IMPORTO PAGINA DELLE FONTI MULTIFONTE NON AUTONOME GESTIONE ERRORI CREDITO INSERITO > IMPORTO DEL VOUCHER DA GENERARE
NAW	NAW-4062	VOUCHER WELFARE VOUCHER A IMPORTO PAGINA DELLE FONTI MULTIFONTE NON AUTONOME GESTIONE ERRORI CREDITO INSERITO > CREDITO DISPONIBILE PER LA FONTE
NAW	NAW-4063	VOUCHER WELFARE VOUCHER A IMPORTO PAGINA DELLE FONTI MULTIFONTE NON AUTONOME GESTIONE ERRORI CREDITO INSERITO < IMPORTO DEL VOUCHER DA GENERARE
NAW	NAW-4064	VOUCHER WELFARE VOUCHER A IMPORTO PAGINA DELLE FONTI MULTIFONTE NON AUTONOME GESTIONE ERRORI CREDITO>FONTE E CREDITO> <VOUCHER
NAW	NAW-4065	VOUCHER WELFARE VOUCHER A IMPORTO PAGINA DELLE FONTI MULTIFONTE NON AUTONOME GENERAZIONE VOUCHER
NAW	NAW-4066	VOUCHER WELFARE VOUCHER A LISTINO PAGINA DELLE FONTI
NAW	NAW-4067	VOUCHER WELFARE VOUCHER A LISTINO PAGINA DELLE FONTI CTA "X"
NAW	NAW-4068	VOUCHER WELFARE VOUCHER A LISTINO PAGINA DELLE FONTI MONOFONTE
NAW	NAW-4069	VOUCHER WELFARE VOUCHER A LISTINO PAGINA DELLE FONTI MONOFONTE GENERAZIONE VOUCHER
NAW	NAW-4070	VOUCHER WELFARE VOUCHER A LISTINO PAGINA DELLE FONTI MULTIFONTE AUTONOME
NAW	NAW-4071	VOUCHER WELFARE VOUCHER A LISTINO PAGINA DELLE FONTI MULTIFONTE AUTONOME GENERAZIONE VOUCHER
NAW	NAW-4072	VOUCHER WELFARE VOUCHER A LISTINO PAGINA DELLE FONTI MULTIFONTE NON AUTONOME
NAW	NAW-4073	VOUCHER WELFARE VOUCHER A LISTINO PAGINA DELLE FONTI MULTIFONTE NON AUTONOME GESTIONE ERRORI CREDITO INSERITO > IMPORTO DEL VOUCHER DA GENERARE
NAW	NAW-4074	VOUCHER WELFARE VOUCHER A LISTINO PAGINA DELLE FONTI MULTIFONTE NON AUTONOME GESTIONE ERRORI CREDITO INSERITO > CREDITO DISPONIBILE NELLA FONTE
NAW	NAW-4075	VOUCHER WELFARE VOUCHER A LISTINO PAGINA DELLE FONTI MULTIFONTE NON AUTONOME GESTIONE ERRORI CREDITO INSERITO < IMPORTO DEL VOUCHER DA GENERARE
NAW	NAW-4076	VOUCHER WELFARE VOUCHER A LISTINO PAGINA DELLE FONTI MULTIFONTE NON AUTONOME GESTIONE ERRORI CREDITO>FONTE E CREDITO> <VOUCHER
NAW	NAW-4077	VOUCHER WELFARE VOUCHER A LISTINO PAGINA DELLE FONTI MULTIFONTE NON AUTONOME GENERAZIONE VOUCHER
NAW	NAW-4078	VOUCHER WELFARE VOUCHER A IMPORTO BDI LIMITI DI SPENDIBILITA MONOFONTE
NAW	NAW-4079	VOUCHER WELFARE VOUCHER A IMPORTO BDI LIMITI DI SPENDIBILITA MULTIFONTE AUTONOME
NAW	NAW-4080	VOUCHER WELFARE VOUCHER A IMPORTO BDI LIMITI DI SPENDIBILITA MULTIFONTE NON AUTONOME
NAW	NAW-4081	VOUCHER WELFARE VOUCHER A IMPORTO BDI LIMITI DI SPENDIBILITA MULTIFONTE NON AUTONOME LIMITE DI SPENDIBILITA
NAW	NAW-4082	VOUCHER WELFARE VOUCHER A LISTINO BDI LIMITI DI SPENDIBILITA MONOFONTE
NAW	NAW-4083	VOUCHER WELFARE VOUCHER A LISTINO BDI LIMITI DI SPENDIBILITA MULTIFONTE AUTONOME
NAW	NAW-4084	VOUCHER WELFARE VOUCHER A LISTINO BDI LIMITI DI SPENDIBILITA MULTIFONTE NON AUTONOME
NAW	NAW-4085	VOUCHER WELFARE VOUCHER A LISTINO BDI LIMITI DI SPENDIBILITA MULTIFONTE NON AUTONOME IMPORTO MAGGIORE DELLA FONTE CON LIMITE
NAW	NAW-4086	VOUCHER WELFARE DRAWER OTP CTA "X"
NAW	NAW-4087	VOUCHER WELFARE DRAWER OTP OTP ERRATO
NAW	NAW-4168	PARTNER ONLINE VULNERABILITA SSO
NAW	NAW-4201	RIMBORSI ISTRUZIONE E FORMAZIONE PAGINA DI SELEZIONE BENEFICIARIO
NAW	NAW-4202	RIMBORSI ISTRUZIONE E FORMAZIONE PAGINA DI SELEZIONE BENEFICIARIO GUIDA ALLA COMPILAZIONE
NAW	NAW-4203	RIMBORSI ISTRUZIONE E FORMAZIONE PAGINA DI SELEZIONE BENEFICIARIO SELEZIONE BENEFICIARIO CON CREDITI VINCOLATI
NAW	NAW-4204	RIMBORSI ISTRUZIONE E FORMAZIONE PAGINA DI SELEZIONE BENEFICIARIO AGGIUNGI BENEFICIARIO
NAW	NAW-4205	RIMBORSI ISTRUZIONE E FORMAZIONE PAGINA DI SELEZIONE BENEFICIARIO CASELLA DI AUTOCERTIFICAZIONE
NAW	NAW-4206	RIMBORSI ISTRUZIONE E FORMAZIONE PAGINA DI SELEZIONE BENEFICIARIO GESTIONE ERRORI CASELLA DI AUTOCERTIFICAZIONE
NAW	NAW-4207	RIMBORSI ISTRUZIONE E FORMAZIONE PAGINA DI SELEZIONE BENEFICIARIO CTA "X"
NAW	NAW-4208	RIMBORSI ISTRUZIONE E FORMAZIONE PAGINA DELLE FONTI
NAW	NAW-4209	RIMBORSI ISTRUZIONE E FORMAZIONE PAGINA DELLE FONTI CTA "X"
NAW	NAW-4210	RIMBORSI ISTRUZIONE E FORMAZIONE CR VINCOLATI PAGINA DELLE FONTI MONOFONTE
NAW	NAW-4211	RIMBORSI ISTRUZIONE E FORMAZIONE CR VINCOLATI PAGINA DELLE FONTI MONOFONTE GESTIONE ERRORI INSERISCI IMPORTO
NAW	NAW-4212	RIMBORSI ISTRUZIONE E FORMAZIONE CR VINCOLATI PAGINA DELLE FONTI MONOFONTE GESTIONE ERRORI IMPORTO MAGGIORE DEL CREDITO DISPONIBILE
NAW	NAW-4213	RIMBORSI ISTRUZIONE E FORMAZIONE CR VINCOLATI PAGINA DELLE FONTI MONOFONTE GENERAZIONE
NAW	NAW-4214	RIMBORSI ISTRUZIONE E FORMAZIONE CR VINCOLATI PAGINA DELLE FONTI MULTIFONTE AUTONOME
NAW	NAW-4215	RIMBORSI ISTRUZIONE E FORMAZIONE CR VINCOLATI PAGINA DELLE FONTI MULTIFONTE AUTONOME GESTIONE ERRORI INSERISCI IMPORTO
NAW	NAW-4216	RIMBORSI ISTRUZIONE E FORMAZIONE CR VINCOLATI PAGINA DELLE FONTI MULTIFONTE AUTONOME GESTIONE ERRORI IMPORTO MAGGIORE DEL CREDITO DISPONIBILE
NAW	NAW-4217	RIMBORSI ISTRUZIONE E FORMAZIONE CR VINCOLATI PAGINA DELLE FONTI MULTIFONTE AUTONOME GENERAZIONE
NAW	NAW-4218	RIMBORSI ISTRUZIONE E FORMAZIONE CR VINCOLATI PAGINA DELLE FONTI MULTIFONTE NON AUTONOME
NAW	NAW-4219	RIMBORSI ISTRUZIONE E FORMAZIONE CR VINCOLATI PAGINA DELLE FONTI MULTIFONTE NON AUTONOME GESTIONE ERRORI INSERISCI IMPORTO
NAW	NAW-4220	RIMBORSI ISTRUZIONE E FORMAZIONE CR VINCOLATI PAGINA DELLE FONTI MULTIFONTE NON AUTONOME GESTIONE ERRORI IMPORTO MAGGIORE DEL CREDITO DISPONIBILE
NAW	NAW-4221	RIMBORSI ISTRUZIONE E FORMAZIONE CR VINCOLATI PAGINA DELLE FONTI MULTIFONTE NON AUTONOME GESTIONE ERRORI IMPORTO > CREDITO SINGOLA FONTE
NAW	NAW-4222	RIMBORSI ISTRUZIONE E FORMAZIONE CR VINCOLATI PAGINA DELLE FONTI MULTIFONTE NON AUTONOME GESTIONE ERRORI CREDITO INSERITO < IMPORTO DEL RIMBORSO
NAW	NAW-4223	RIMBORSI ISTRUZIONE E FORMAZIONE CR VINCOLATI PAGINA DELLE FONTI MULTIFONTE NON AUTONOME GESTIONE ERRORI CREDITO INSERITO > IMPORTO DEL RIMBORSO
NAW	NAW-4224	RIMBORSI ISTRUZIONE E FORMAZIONE CR VINCOLATI PAGINA DELLE FONTI MULTIFONTE NON AUTONOME GESTIONE ERRORI DOPPIO ERRORE
NAW	NAW-4225	RIMBORSI ISTRUZIONE E FORMAZIONE CR VINCOLATI PAGINA DELLE FONTI MULTIFONTE NON AUTONOME GENERAZIONE
NAW	NAW-4226	RIMBORSI ISTRUZIONE E FORMAZIONE NRT PAGINA DELLE FONTI MONOFONTE
NAW	NAW-4227	RIMBORSI ISTRUZIONE E FORMAZIONE NRT PAGINA DELLE FONTI MONOFONTE GESTIONE ERRORI INSERISCI IMPORTO
NAW	NAW-4228	RIMBORSI ISTRUZIONE E FORMAZIONE NRT PAGINA DELLE FONTI MONOFONTE GESTIONE ERRORI IMPORTO MAGGIORE DEL CREDITO DISPONIBILE
NAW	NAW-4229	RIMBORSI ISTRUZIONE E FORMAZIONE NRT PAGINA DELLE FONTI MONOFONTE GENERAZIONE
NAW	NAW-4230	RIMBORSI ISTRUZIONE E FORMAZIONE NRT PAGINA DELLE FONTI MULTIFONTE AUTONOME
NAW	NAW-4231	RIMBORSI ISTRUZIONE E FORMAZIONE NRT PAGINA DELLE FONTI MULTIFONTE AUTONOME GESTIONE ERRORI INSERISCI IMPORTO
NAW	NAW-4232	RIMBORSI ISTRUZIONE E FORMAZIONE NRT PAGINA DELLE FONTI MULTIFONTE AUTONOME GESTIONE ERRORI IMPORTO MAGGIORE DEL CREDITO DISPONIBILE
NAW	NAW-4233	RIMBORSI ISTRUZIONE E FORMAZIONE NRT PAGINA DELLE FONTI MULTIFONTE AUTONOME GENERAZIONE
NAW	NAW-4234	RIMBORSI ISTRUZIONE E FORMAZIONE NRT PAGINA DELLE FONTI MULTIFONTE NON AUTONOME
NAW	NAW-4235	RIMBORSI ISTRUZIONE E FORMAZIONE NRT PAGINA DELLE FONTI MULTIFONTE NON AUTONOME GESTIONE ERRORI INSERISCI IMPORTO
NAW	NAW-4236	RIMBORSI ISTRUZIONE E FORMAZIONE NRT PAGINA DELLE FONTI MULTIFONTE NON AUTONOME GESTIONE ERRORI IMPORTO MAGGIORE DEL CREDITO DISPONIBILE
NAW	NAW-4237	RIMBORSI ISTRUZIONE E FORMAZIONE NRT PAGINA DELLE FONTI MULTIFONTE NON AUTONOME GESTIONE ERRORI IMPORTO > CREDITO SINGOLA FONTE
NAW	NAW-4238	RIMBORSI ISTRUZIONE E FORMAZIONE NRT PAGINA DELLE FONTI MULTIFONTE NON AUTONOME GESTIONE ERRORI CREDITO INSERITO < IMPORTO DEL RIMBORSO
NAW	NAW-4239	RIMBORSI ISTRUZIONE E FORMAZIONE NRT PAGINA DELLE FONTI MULTIFONTE NON AUTONOME GESTIONE ERRORI CREDITO INSERITO > IMPORTO DEL RIMBORSO
NAW	NAW-4240	RIMBORSI ISTRUZIONE E FORMAZIONE NRT PAGINA DELLE FONTI MULTIFONTE NON AUTONOME GESTIONE ERRORI DOPPIO ERRORE
NAW	NAW-4241	RIMBORSI ISTRUZIONE E FORMAZIONE NRT PAGINA DELLE FONTI MULTIFONTE NON AUTONOME GENERAZIONE
NAW	NAW-4299	LOGIN CON CREDENZIALI VALIDE
NAW	NAW-4301	LOGIN CON PASSWORD ERRATA
NAW	NAW-4303	CAMBIO PIANO
NAW	NAW-4305	LOGIN CON PIN DI CONFERMA SBAGLIATO
NAW	NAW-4307	SERVIZI VERIFICA VISIBILITA DI TUTTE LE SCHEDE
NAW	NAW-4308	SERVIZI VERIFICA PAGINA PARTNER ONLINE
NAW	NAW-4309	SERVIZI VERIFICA PAGINA BUONI ACQUISTO
NAW	NAW-4310	SERVIZI VERIFICA PAGINA VIAGGI
NAW	NAW-4311	SERVIZI VERIFICA PAGINA SPORT E BENESSERE
NAW	NAW-4312	SERVIZI VERIFICA PAGINA CULTURA E TEMPO LIBERO
NAW	NAW-4313	SERVIZI VERIFICA PAGINA ISTRUZIONE E FORMAZIONE
NAW	NAW-4314	SERVIZI VERIFICA PAGINA SANITA
NAW	NAW-4315	SERVIZI VERIFICA PAGINA TRASPORTO
NAW	NAW-4316	SERVIZI VERIFICA PAGINA PREVIDENZA
NAW	NAW-4317	SERVIZI VERIFICA PAGINA ALTRI BENEFIT
NAW	NAW-4318	SERVIZI VERIFICA PAGINA ASSISTENZA FAMILIARI
NAW	NAW-4319	SERVIZI VERIFICA PAGINA MUTUI
NAW	NAW-4320	MOVIMENTI VERIFICA VISIBILITA DEI VARI CAMPI
NAW	NAW-4321	MOVIMENTI VERIFICA PAGINA DETTAGLIO MOVIMENTI
NAW	NAW-4322	PROFILO VERIFICA PAGINA DEL PROFILO
NAW	NAW-4323	MENU VERIFICA PRESENZA DELLE VARIE SEZIONI
NAW	NAW-4324	BUONI SHOPPING KO OTP IN CREAZIONE BUONO DI TIPO SPESA
NAW	NAW-4325	BUONI SHOPPING KO OTP IN CREAZIONE BUONO DI TIPO TOP PREMIUM
NAW	NAW-4326	GIFT CARD KO OTP IN CREAZIONE GIFT CARD
NAW	NAW-4347	PROFILO CARICAMENTO PAGINA DATI PERSONALI
NAW	NAW-4349	PROFILO CARICAMENTO PAGINA IMPOSTAZIONI
NAW	NAW-4351	PROFILO MODIFICA PIN DISPOSITIVO CON SUCCESSO
NAW	NAW-4353	PROFILO KO MODIFICA PIN INSERENDO UN PIN ATTUALE SBAGLIATO
NAW	NAW-4354	PROFILO KO MODIFICA PIN INSERENDO IL PIN ATTUALE COME NUOVO
NAW	NAW-4355	PROFILO KO MODIFICA PIN INSERENDO IL VECCHIO PIN COME CONFERMA
NAW	NAW-4356	PROFILO KO MODIFICA PIN INSERENDO QUATTRO CIFRE UGUALI COME NUOVO PIN
NAW	NAW-4361	PROFILO CARICAMENTO PAGINA DATI DI ACCESSO
NAW	NAW-4363	MENU CAMBIO PIANO DA SEZIONE I TUOI PIANI
NAW	NAW-4364	MENU VERIFICA FUNZIONALITA SEARCHBAR IN SEZIONE ASSISTENZA
NAW	NAW-4367	MENU VERIFICA PAGINA DATI WELFARE
NAW	NAW-4369	FAQ VERIFICA CHE LA FAQ SI ESPANDA DOPO CLICK
NAW	NAW-4370	FAQ VERIFICA FUNZIONALITA SEARCHBAR
NAW	NAW-4373	LOGOUT
NAW	NAW-4415	SERVIZI WELFARE FERSERVIZI CATEGORIE UTENZE DOMESTICHE AFFITTO PRIMA CASA MUTUO PRIMA CASA
NAW	NAW-4416	SERVIZI WELFARE FERSERVIZI CATEGORIE UTENZE DOMESTICHE PAGINA DI DETTAGLIO
NAW	NAW-4417	SERVIZI WELFARE FERSERVIZI CATEGORIE AFFITTO PRIMA CASA PAGINA DI DETTAGLIO
NAW	NAW-4418	SERVIZI WELFARE FERSERVIZI CATEGORIE MUTUO PRIMA CASA PAGINA DI DETTAGLIO
NAW	NAW-4419	SERVIZI WELFARE FERSERVIZI CATEGORIE UTENZE DOMESTICHE AFFITTO PRIMA CASA MUTUO PRIMA CASA CTA VAI AL PORTALE
NAW	NAW-4420	BANCA D'ITALIA TEST SU MASSIMALE FRINGE
NAW	NAW-4421	BANCA D'ITALIA TEST SU MASSIMALE FRINGE EROSIONE CREDITO
NAW	NAW-4447	HOMEPAGE PREMIO CONVERTI IL TUO PREMIO WELFARE DATA DI ULTIMA MODIFICA
NAW	NAW-4448	HOMEPAGE PREMIO MODIFICA LA SCELTA SUL PREMIO WELFARE DATA DI ULTIMA MODIFICA
NAW	NAW-4449	HOMEPAGE WELFARE STORIES TESTO CCON SIMBOLO %
NAW	NAW-4468	ANONIMIZZAZIONE BENEFICIARI LOGIN
NAW	NAW-4469	ANONIMIZZAZIONE BENEFICIARI SERVIZI WELFARE
NAW	NAW-4470	ANONIMIZZAZIONE BENEFICIARI MOVIMENTI
NAW	NAW-4471	ANONIMIZZAZIONE BENEFICIARI PROFILO
NAW	NAW-4472	ANONIMIZZAZIONE BENEFICIARI GENERAZIONE VOUCHER
NAW	NAW-4506	VOUCHER WELFARE MERCHANT A LISTINO ERRORE PARLANTE CREDITO NON SUFFICIENTE
NAW	NAW-4507	VOUCHER WELFARE MERCHANT A LISTINO ERRORE PARLANTE CREDITO NON SUFFICIENTE BDI DOPPIO BENEFIT
NAW	NAW-4508	VOUCHER WELFARE MERCHANT A LISTINO ERRORE PARLANTE CREDITO NON SUFFICIENTE BDI DOPPIO BENEFIT FONTI LEGATE AL BENEFIT
NAW	NAW-4532	OSCURAMENTO DATA DI SCADENZA PIANO MENU I TUOI PIANI
NAW	NAW-4534	IL TUO PROFILO VERSIONE APP ELEMENTO NON CLICCABILE
NAW	NAW-4569	T&C FERSERVIZI ONBOARDING TERMINI E CONDIZIONI D'USO
NAW	NAW-4570	T&C FERSERVIZI ONBOARDING INFORMATIVA DELLA PRIVACY
NAW	NAW-4610	PERSONALIZZAZIONE FERSERVIZI WELFARE STORIES
NAW	NAW-4611	PERSONALIZZAZIONE FERSERVIZI WELFARE STORIES UTENTE STANDARD
NAW	NAW-4612	NRT WELFARE STORIES DETTAGLIO STORY LONG TAP
NAW	NAW-4613	NRT WELFARE STORIES DETTAGLIO STORY TAP A SINISTRA
NAW	NAW-4614	NRT WELFARE STORIES DETTAGLIO STORY TAP A DESTRA
NAW	NAW-4615	NRT WELFARE STORIES DETTAGLIO STORY SWIPE DESTRA
NAW	NAW-4616	NRT WELFARE STORIES DETTAGLIO STORY SWIPE SINISTRA
NAW	NAW-4617	NRT WELFARE STORIES DETTAGLIO STORY CTA ES "SCOPRI DI PIU"
NAW	NAW-4618	NRT WELFARE STORIES DETTAGLIO STORY LOADING BAR
NAW	NAW-4619	NRT WELFARE STORIES DETTAGLIO STORY ICONE LOADING BAR ICONA "X"
NAW	NAW-4620	NRT WELFARE STORIES DETTAGLIO STORY ICONE LOADING BAR ICONA "PAUSE PLAY"
NAW	NAW-4621	NRT WELFARE STORIES DETTAGLIO STORY ICONE LOADING BAR ICONA "AUDIO ATTIVO NON ATTIVO"
NAW	NAW-4622	NRT WELFARE STORIES DETTAGLIO STORY ICONE LOADING BAR ICONA "AUDIO" NON PRESENTE
NAW	NAW-4647	BONUS PSICOLOGO SERVIZI WELFARE PROVISION NASCOSTA
NAW	NAW-4648	BONUS PSICOLOGO HOME PAGE SERVIZI NEI DINTORNI FILTRI RAPIDI PROVISION NASCOSTA
NAW	NAW-4649	BONUS PSICOLOGO HOME PAGE SERVIZI NEI DINTORNI PROVISION NASCOSTA
NAW	NAW-4681	FERSERVIZI RIMOZIONE OPZIONE "RIMUOVI ACCOUNT"
NAW	NAW-4682	FERSERVIZI RIMOZIONE OPZIONE "RIMUOVI ACCOUNT" UTENTE NON FERSERVIZI
NAW	NAW-4713	SERVIZI WELFARE UTENZE DOMESTICHE LINK DOCUMENTO NELLA PAGINA DEL BENEFIT
NAW	NAW-4719	CREDITI VINCOLATI FONTE VINCOLATA
NAW	NAW-4720	CREDITI VINCOLATI FONTE VINCOLATA VINCOLO SCADUTO
NAW	NAW-4721	CREDITI VINCOLATI FONTE VINCOLATA FONTI AUTONOME GENERAZIONE VOUCHER A LISTINO
NAW	NAW-4722	CREDITI VINCOLATI FONTE VINCOLATA FONTI NON AUTONOME GENERAZIONE VOUCHER A LISTINO
NAW	NAW-4723	CREDITI VINCOLATI FONTE VINCOLATA FONTI NON AUTONOME GENERAZIONE VOUCHER A LISTINO IMPORTO DECIMALE
NAW	NAW-4724	CREDITI VINCOLATI FONTE VINCOLATA FONTI AUTONOME GENERAZIONE VOUCHER A IMPORTO
NAW	NAW-4725	CREDITI VINCOLATI FONTE VINCOLATA FONTI NON AUTONOME GENERAZIONE VOUCHER A IMPORTO
NAW	NAW-4726	CREDITI VINCOLATI FONTE VINCOLATA FONTI NON AUTONOME GENERAZIONE VOUCHER A IMPORTO IMPORTO DECIMALE
NAW	NAW-4727	CREDITI VINCOLATI FONTE VINCOLATA CREDITO EROSO DA FONTE VINCOLATA
NAW	NAW-4728	CREDITI VINCOLATI FONTE VINCOLATA CREDITO SUPERIORE A QUELLO VINCOLATO ALLA FONTE
NAW	NAW-4729	CREDITI VINCOLATI FONTE RESIDUA
NAW	NAW-4730	CREDITI VINCOLATI FONTE RESIDUA BENEFICIARIO NON VINCOLATO
NAW	NAW-4731	CREDITI VINCOLATI FONTE RESIDUA FONTI AUTONOME GENERAZIONE VOUCHER A LISTINO
NAW	NAW-4732	CREDITI VINCOLATI FONTE RESIDUA FONTI NON AUTONOME GENERAZIONE VOUCHER A LISTINO
NAW	NAW-4733	CREDITI VINCOLATI FONTE RESIDUA FONTI AUTONOME GENERAZIONE VOUCHER A IMPORTO
NAW	NAW-4734	CREDITI VINCOLATI FONTE RESIDUA FONTI NON AUTONOME GENERAZIONE VOUCHER A IMPORTO
NAW	NAW-4735	RIMBORSI CREDITI VINCOLATI FONTE VINCOLATA
NAW	NAW-4736	RIMBORSI CREDITI VINCOLATI FONTE VINCOLATA FONTI AUTONOME BOZZA
NAW	NAW-4737	RIMBORSI CREDITI VINCOLATI FONTE VINCOLATA FONTI AUTONOME INVIO RICHIESTA
NAW	NAW-4738	RIMBORSI CREDITI VINCOLATI FONTE VINCOLATA FONTI NON AUTONOME BOZZA
NAW	NAW-4739	RIMBORSI CREDITI VINCOLATI FONTE VINCOLATA FONTI NON AUTONOME INVIO RICHIESTA
NAW	NAW-4740	RIMBORSI CREDITI VINCOLATI FONTE VINCOLATA FONTI NON AUTONOME INVIO RICHIESTA IMPORTO DECIMALE
NAW	NAW-4741	RIMBORSI CREDITI VINCOLATI FONTE VINCOLATA CREDITO EROSO DA FONTE VINCOLATA
NAW	NAW-4742	RIMBORSI CREDITI VINCOLATI FONTE VINCOLATA IMPORTO SUPERIORE A QUELLO VINCOLATO ALLA FONTE
NAW	NAW-4743	RIMBORSI CREDITI VINCOLATI FONTE VINCOLATA VINCOLO SCADUTO
NAW	NAW-4744	RIMBORSI CREDITI VINCOLATI FONTE RESIDUA
NAW	NAW-4745	RIMBORSI CREDITI VINCOLATI FONTE RESIDUA FONTI AUTONOME BOZZA
NAW	NAW-4746	RIMBORSI CREDITI VINCOLATI FONTE RESIDUA FONTI AUTONOME INVIO RICHIESTA
NAW	NAW-4747	RIMBORSI CREDITI VINCOLATI FONTE RESIDUA FONTI NON AUTONOME BOZZA
NAW	NAW-4748	RIMBORSI CREDITI VINCOLATI FONTE RESIDUA FONTI NON AUTONOME INVIO RICHIESTA
NAW	NAW-4749	RIMBORSI CREDITI VINCOLATI FONTE RESIDUA BENEFICIARIO NON VINCOLATO
NAW	NAW-4750	NRT VOUCHER WELFARE VOUCHER A LISTINO FONTI AUTONOME
NAW	NAW-4751	NRT VOUCHER WELFARE VOUCHER A LISTINO FONTI NON AUTONOME
NAW	NAW-4752	NRT VOUCHER WELFARE VOUCHER A IMPORTO FONTI AUTONOME
NAW	NAW-4753	NRT VOUCHER WELFARE VOUCHER A IMPORTO FONTI NON AUTONOME
NAW	NAW-4754	NRT RIMBORSI ISTRUZIONE E FORMAZIONE FONTI AUTONOME BOZZA
NAW	NAW-4755	NRT RIMBORSI ISTRUZIONE E FORMAZIONE FONTI AUTONOME INVIO RICHIESTA
NAW	NAW-4756	NRT RIMBORSI ISTRUZIONE E FORMAZIONE FONTI NON AUTONOME BOZZA
NAW	NAW-4757	NRT RIMBORSI ISTRUZIONE E FORMAZIONE FONTI NON AUTONOME INVIO RICHIESTA
NAW	NAW-4799	BONUS PSICOLOGO GESTIONE BENEFIT MULTIPLI BENEFIT SINGOLI
NAW	NAW-4800	BONUS PSICOLOGO GESTIONE BENEFIT MULTIPLI BENEFIT SINGOLI BENEFIT NON GESTITO DIVERSO DA TIPOLOGIE 2 E 5
NAW	NAW-4801	BONUS PSICOLOGO GESTIONE BENEFIT MULTIPLI UTENTE STANDARD BENEFIT MULTIPLI
NAW	NAW-4802	BONUS PSICOLOGO GESTIONE BENEFIT MULTIPLI UTENTE BDI BENEFIT MULTIPLI CASSE SANITARIE RIMANDO AL PORTALE
NAW	NAW-4803	BONUS PSICOLOGO GESTIONE BENEFIT MULTIPLI BENEFIT SINGOLI RICHIESTA VOUCHER
NAW	NAW-4804	BONUS PSICOLOGO GESTIONE BENEFIT MULTIPLI BENEFIT SINGOLI BENEFIT NON GESTITO DIVERSO DA TIPOLOGIE 2 E 5 RICHIESTA VOUCHER
NAW	NAW-4805	BONUS PSICOLOGO GESTIONE BENEFIT MULTIPLI UTENTE STANDARD BENEFIT MULTIPLI RICHIESTA VOUCHER
NAW	NAW-4832	BONUS PSICOLOGO GESTIONE DEL CREDITO PRESTAZIONI PSICOLOGICHE GENERAZIONE VOUCHER
NAW	NAW-4833	BONUS PSICOLOGO GESTIONE DEL CREDITO PRESTAZIONI NON PSICOLOGICHE GESTIONE FONTI
NAW	NAW-4834	BONUS PSICOLOGO GESTIONE DEL CREDITO PRESTAZIONI NON PSICOLOGICHE GESTIONE ERRORI
NAW	NAW-4877	NRT NRT VOUCHER CR VINCOLATI + FONTE VINCOLATA AL BENEFIT
NAW	NAW-4878	NRT NRT VOUCHER CR VINCOLATI
NAW	NAW-4879	NRT NRT RIMBORSI CR VINCOLATI + FONTE VICOLATA AL BENEFIT
NAW	NAW-4880	NRT NRT RIMBORSI CR VINCOLATI
NAW	NAW-4881	NRT RIMBORSI CR VINCOLATI + FONTE VICOLATA AL BENEFIT BOZZA
NAW	NAW-4882	NRT RIMBORSI CR VINCOLATI BOZZA
NAW	NAW-4883	NRT VOUCHER FONTE VINCOLATA
NAW	NAW-4884	NRT VOUCHER
NAW	NAW-4885	NRT RIMBORSI
NAW	NAW-4886	NRT RIMBORSI BOZZA
NAW	NAW-4887	NRT RIMBORSI FONTE VINCOLATA AL BENEFIT BOZZA
NAW	NAW-4889	NRT RIMBORSI FONTE VINCOLATA AL BENEFIT
NAW	NAW-4890	NRT VOUCHER CR VINCOLATI + FONTE VINCOLATA AL BENEFIT
NAW	NAW-4891	NRT VOUCHER CR VINCOLATI
NAW	NAW-4892	NRT RIMBORSI CR VINCOLATI + FONTE VICOLATA AL BENEFIT
NAW	NAW-4893	NRT RIMBORSI CR VINCOLATI
NAW	NAW-4942	ELENCO MOVIMENTI BOTTONE FITRI
NAW	NAW-4943	SERVIZI WELFARE VIAGGI TAB VOCUHER
NAW	NAW-4947	AUTOLOGIN BIOMETRIA KO
NAW	NAW-4948	AUTOLOGIN BIOMETRIA
NAW	NAW-4949	AUTOLOGIN BIOMETRIA ELIMINAZIONE IMPRONTA
NAW	NAW-4950	LOGIN SESSIONE SCADUTA
NAW	NAW-4958	RICERCA MERCHANT HOMEPAGE SINGOLO BENEFIT
NAW	NAW-4959	RICERCA MERCHANT HOMEPAGE DOPPIO BENEFIT
NAW	NAW-4960	RICERCA MERCHANT HOMEPAGE SINGOLO BENEFIT VEDI TUTTE LE STRUTTURE
NAW	NAW-4961	RICERCA MERCHANT HOMEPAGE DOPPIO BENEFIT VEDI TUTTE LE STRUTTURE
NAW	NAW-4962	RICERCA MERCHANT HOMEPAGE SINGOLO BENEFIT INVIO RICHIESTA
NAW	NAW-4963	RICERCA MERCHANT HOMEPAGE DOPPIO BENEFIT INVIO RICHIESTA
NAW	NAW-4964	RICERCA MERCHANT SERVIZI SINGOLO BENEFIT
NAW	NAW-4965	RICERCA MERCHANT SERVIZI DOPPIO BENEFIT
NAW	NAW-4966	RICERCA MERCHANT SERVIZI SINGOLO BENEFIT INVIO RICHIESTA
NAW	NAW-4967	RICERCA MERCHANT SERVIZI DOPPIO BENEFIT INVIO RICHIESTA
NAW	NAW-5050	SOLUZIONE TARGET BONUS PSICOLOGO POST CARICAMENTO CREDITO SERVIZI WELFARE SANITA BONUS PSICOLOGO
NAW	NAW-5051	SOLUZIONE TARGET BONUS PSICOLOGO POST CARICAMENTO CREDITO SERVIZI WELFARE SANITA BONUS PSICOLOGO LISTA
NAW	NAW-5052	SOLUZIONE TARGET BONUS PSICOLOGO POST CARICAMENTO CREDITO SERVIZI WELFARE SANITA BONUS PSICOLOGO MAPPA
NAW	NAW-5053	SOLUZIONE TARGET BONUS PSICOLOGO POST CARICAMENTO CREDITO SERVIZI WELFARE GENERAZIONE VOUCHER LISTINO
NAW	NAW-5054	SOLUZIONE TARGET BONUS PSICOLOGO POST CARICAMENTO CREDITO SERVIZI WELFARE GENERAZIONE VOUCHER LISTINO PRESTAZIONE PSICOLOGICA
NAW	NAW-5055	SOLUZIONE TARGET BONUS PSICOLOGO POST CARICAMENTO CREDITO HOMEPAGE SERVIZI NEI DINTORNI FILTRI RAPIDI PSICOLOGI
NAW	NAW-5056	SOLUZIONE TARGET BONUS PSICOLOGO POST CARICAMENTO CREDITO HOMEPAGE SERVIZI NEI DINTORNI GENERAZIONE VOUCHER A LISTINO PRESTAZIONE PSICOLOGICA
NAW	NAW-5057	SOLUZIONE TARGET BONUS PSICOLOGO POST CARICAMENTO CREDITO HOMEPAGE VEDI TUTTE LE STRUTTURE FILTRO SANITA
NAW	NAW-5058	SOLUZIONE TARGET BONUS PSICOLOGO POST CARICAMENTO CREDITO HOMEPAGE VEDI TUTTE LE STRUTTURE GENERAZIONE VOUCHER A LISTINO PRESTAZIONE PSICOLOGICA
NAW	NAW-5059	SOLUZIONE TARGET BONUS PSICOLOGO PRE CARICAMENTO CREDITO SERVIZI WELFARE SANITA BONUS PSICOLOGO
NAW	NAW-5060	SOLUZIONE TARGET BONUS PSICOLOGO PRE CARICAMENTO CREDITO SERVIZI WELFARE SANITA BONUS PSICOLOGO LISTA
NAW	NAW-5061	SOLUZIONE TARGET BONUS PSICOLOGO PRE CARICAMENTO CREDITO SERVIZI WELFARE SANITA BONUS PSICOLOGO MAPPA
NAW	NAW-5062	SOLUZIONE TARGET BONUS PSICOLOGO PRE CARICAMENTO CREDITO SERVIZI WELFARE GENERAZIONE VOUCHER LISTINO
NAW	NAW-5063	SOLUZIONE TARGET BONUS PSICOLOGO PRE CARICAMENTO CREDITO SERVIZI WELFARE GENERAZIONE VOUCHER LISTINO PRESTAZIONE PSICOLOGICA
NAW	NAW-5064	SOLUZIONE TARGET BONUS PSICOLOGO PRE CARICAMENTO CREDITO HOMEPAGE SERVIZI NEI DINTORNI FILTRI RAPIDI PSICOLOGI
NAW	NAW-5065	SOLUZIONE TARGET BONUS PSICOLOGO PRE CARICAMENTO CREDITO HOMEPAGE SERVIZI NEI DINTORNI GENERAZIONE VOUCHER A LISTINO PRESTAZIONE PSICOLOGICA
NAW	NAW-5066	SOLUZIONE TARGET BONUS PSICOLOGO PRE CARICAMENTO CREDITO HOMEPAGE VEDI TUTTE LE STRUTTURE FILTRO SANITA
NAW	NAW-5067	SOLUZIONE TARGET BONUS PSICOLOGO PRE CARICAMENTO CREDITO HOMEPAGE VEDI TUTTE LE STRUTTURE GENERAZIONE VOUCHER A LISTINO PRESTAZIONE PSICOLOGICA
NAW	NAW-5089	WELFARE STORIES CARATTERI SPECIALI %
NAW	NAW-5100	NAW 4977 CREDITO UTILIZZABILE NON CORRETTO IN BUONI ACQUISTO
NAW	NAW-5101	NAW 4975 ERRORE DATI DI CONTATTO APP WLF EDENRED PT 2
NAW	NAW-5103	NAW 822 ERRORE RIMBORSO ISTRUZIONE E FORMAZIONE PERSONALIZZAZIONE CIRCUITO C000 INVIO DELLA RICHIESTA
NAW	NAW-5104	NAW 822 ERRORE RIMBORSO ISTRUZIONE E FORMAZIONE PERSONALIZZAZIONE CIRCUITO C000 INVIO DELLA RICHIESTA IN ERRORE
NAW	NAW-5105	NAW 822 ERRORE RIMBORSO ISTRUZIONE E FORMAZIONE CIRCUITO SENZA PERSONALIZZAZIONE INVIO DELLA RICHIESTA
NAW	NAW-5106	NAW 822 ERRORE RIMBORSO ISTRUZIONE E FORMAZIONE CIRCUITO SENZA PERSONALIZZAZIONE INVIO DELLA RICHIESTA IN ERRORE
NAW	NAW-5107	NAW 822 ERRORE RIMBORSO ISTRUZIONE E FORMAZIONE MODIFICA CAMPO A DA TIPO PARENTELA CONFIG
NAW	NAW-5108	NAW 822 ERRORE RIMBORSO ISTRUZIONE E FORMAZIONE MODIFICA CAMPO A DA TIPO PARENTELA CONFIG CUSTOM PER CIRCUITO CON PERSONALIZZAZIONI
NAW	NAW-5109	NAW 822 ERRORE RIMBORSO ISTRUZIONE E FORMAZIONE MODIFICA CAMPO DA BENEFIT FAMILY KINSHIP TYPE
NAW	NAW-5129	PERSONALIZZAZIONI FS SERVIZI ORDINAMENTO CATEGORIA
NAW	NAW-5130	PERSONALIZZAZIONI FS SERVIZI MODIFICA DEL NOME DELLA CATEGORIA
NAW	NAW-5131	PERSONALIZZAZIONI FS SERVIZI MODIFICA ICONA DELLA CATEGORIA
NAW	NAW-5132	PERSONALIZZAZIONI FS SERVIZI MODIFICA DESCRIZIONE DELLA CATEGORIA
NAW	NAW-5133	NRT SERVIZI ORDINE CATEGORIE INVARIATO
NAW	NAW-5134	NRT SERVIZI NOME CATEGORIE INVARIATO
NAW	NAW-5135	NRT SERVIZI ICONA CATEGORIE INVARIATO
NAW	NAW-5136	NRT SERVIZI DESCRIZIONE CATEGORIE INVARIATO
NAW	NAW-5143	PERSONALIZZAZIONI FS RICERCA MERCHANT HOMEPAGE MERCHANT CATEGORY
NAW	NAW-5144	PERSONALIZZAZIONI FS RICERCA MERCHANT HOMEPAGE MERCHANT CATEGORY MODIFICA DEL CAMPO
NAW	NAW-5145	PERSONALIZZAZIONI FS RICERCA MERCHANT SERVIZI MERCHANT CATEGORY
NAW	NAW-5146	PERSONALIZZAZIONI FS RICERCA MERCHANT SERVIZI MERCHANT CATEGORY MODIFICA DEL CAMPO
NAW	NAW-5147	PERSONALIZZAZIONI FS RICERCA MERCHANT MERCHANT CATEGORY CIRCUITO SENZA MODIFICA
NAW	NAW-5148	PERSONALIZZAZIONI FS RICERCA MERCHANT MERCHANT CATEGORY PIANO SENZA MODIFICA
NAW	NAW-5156	LOGIN UTENZA SENZA PRODOTTO
NAW	NAW-5198	PERSONALIZZAZIONI FERSERVIZI PROFILO DATI DI ACCESSO
NAW	NAW-5199	PERSONALIZZAZIONI FERSERVIZI PROFILO DATI DI ACCESSO UTENZA NO FERSERVIZI
NAW	NAW-5200	GRAFICA BACKGROUND SERVIZI BUONI ACQUISTO GIFTCARD
NAW	NAW-5201	GRAFICA BACKGROUND SERVIZI VOUCHER
NAW	NAW-5202	GRAFICA BACKGROUND SERVIZI BUONI ACQUISTO BUONI SHOPPING
NAW	NAW-5203	MENU ASSISTENZA LABEL NON VALORIZZATE
NAW	NAW-5288	SERVIZI VOUCHER WELFARE LISTA FAMILIARI BENEFIT SINGOLO IMPORTO LIBERO
NAW	NAW-5289	SERVIZI RIMBORSI ISTRUZIONE E FORMAZIONE LISTA FAMILIARI BENEFIT SINGOLO IMPORTO LIBERO
NAW	NAW-5290	SERVIZI VOUCHER WELFARE LISTA FAMILIARI BENEFIT MULTIPLI IMPORTO LIBERO
NAW	NAW-5291	SERVIZI RIMBORSI ISTRUZIONE E FORMAZIONE LISTA FAMILIARI BENEFIT MULTIPLI IMPORTO LIBERO
NAW	NAW-5292	SERVIZI VOUCHER WELFARE LISTA FAMILIARI CASO BANCA D'ITALIA IMPORTO LIBERO
NAW	NAW-5293	SERVIZI RIMBORSI ISTRUZIONE E FORMAZIONE LISTA FAMILIARI CASO BANCA D'ITALIA IMPORTO LIBERO
NAW	NAW-5294	SERVIZI VOUCHER WELFARE LISTA FAMILIARI BENEFIT SINGOLO LISTINO PRESTAZIONE
NAW	NAW-5295	SERVIZI RIMBORSI ISTRUZIONE E FORMAZIONE LISTA FAMILIARI BENEFIT SINGOLO LISTINO PRESTAZIONE
NAW	NAW-5296	SERVIZI VOUCHER WELFARE LISTA FAMILIARI BENEFIT MULTIPLI LISTINO PRESTAZIONE
NAW	NAW-5297	SERVIZI RIMBORSI ISTRUZIONE E FORMAZIONE LISTA FAMILIARI BENEFIT MULTIPLI LISTINO PRESTAZIONE
NAW	NAW-5298	SERVIZI VOUCHER WELFARE LISTA FAMILIARI CASO BANCA D'ITALIA LISTINO PRESTAZIONE
NAW	NAW-5299	SERVIZI RIMBORSI ISTRUZIONE E FORMAZIONE LISTA FAMILIARI CASO BANCA D'ITALIA LISTINO PRESTAZIONE
NAW	NAW-5317	MULTIPLO BENEFIT HOMEPAGE SERVIZI NEI DINTORNI FILTRI RAPIDI CTA "X"
NAW	NAW-5318	MULTIPLO BENEFIT HOMEPAGE SERVIZI NEI DINTORNI FILTRI RAPIDI SELEZIONA BENEFIT
NAW	NAW-5319	MULTIPLO BENEFIT HOMEPAGE SERVIZI NEI DINTORNI FILTRI RAPIDI SELEZIONA PROVISION
NAW	NAW-5320	MULTIPLO BENEFIT HOMEPAGE SERVIZI NEI DINTORNI FILTRI RAPIDI COLLAPSE EXPAND ACCORDION
NAW	NAW-5321	MULTIPLO BENEFIT HOMEPAGE SERVIZI NEI DINTORNI FILTRI RAPIDI APPLICA
NAW	NAW-5322	MULTIPLO BENEFIT VOUCHER WELFARE HOMEPAGE SERVIZI NEI DINTORNI FILTRI RAPIDI GENERAZIONE VOUCHER
NAW	NAW-5323	MULTIPLO BENEFIT HOMEPAGE SERVIZI NEI DINTORNI FILTRI RAPIDI BENEFIT PERSONALIZZATO LISTA PROVISION
NAW	NAW-5324	MULTIPLO BENEFIT HOMEPAGE SERVIZI NEI DINTORNI FILTRI RAPIDI BENEFIT PERSONALIZZATO LISTA FAMILIARI
NAW	NAW-5325	MULTIPLO BENEFIT HOMEPAGE SERVIZI NEI DINTORNI FILTRI RAPIDI BENEFIT PERSONALIZZATO BONUS PSICOLOGO
NAW	NAW-5326	MULTIPLO BENEFIT HOMEPAGE SERVIZI NEI DINTORNI FILTRI RAPIDI BENEFIT PERSONALIZZATO FONTI DISPONIBILI
NAW	NAW-5327	MULTIPLO BENEFIT HOMEPAGE SERVIZI NEI DINTORNI FILTRI RAPIDI BENEFIT PERSONALIZZATO LISTA PROVISION GENERAZIONE VOUCHER
NAW	NAW-5328	MULTIPLO BENEFIT HOMEPAGE SERVIZI NEI DINTORNI FILTRI RAPIDI BENEFIT PERSONALIZZATO LISTA FAMILIARI GENERAZIONE VOUCHER
NAW	NAW-5329	MULTIPLO BENEFIT HOMEPAGE SERVIZI NEI DINTORNI FILTRI RAPIDI BENEFIT PERSONALIZZATO BONUS PSICOLOGO GENERAZIONE VOUCHER
NAW	NAW-5330	MULTIPLO BENEFIT HOMEPAGE SERVIZI NEI DINTORNI FILTRI RAPIDI BENEFIT PERSONALIZZATO FONTI DISPONIBILI GENERAZIONE VOUCHER
NAW	NAW-5331	SINGOLO BENEFIT HOMEPAGE SERVIZI NEI DINTORNI FILTRI RAPIDI CTA "X"
NAW	NAW-5332	SINGOLO BENEFIT HOMEPAGE SERVIZI NEI DINTORNI FILTRI RAPIDI SELEZIONA PROVISION
NAW	NAW-5333	SINGOLO BENEFIT HOMEPAGE SERVIZI NEI DINTORNI FILTRI RAPIDI APPLICA
NAW	NAW-5334	SINGOLO BENEFIT VOUCHER WELFARE HOMEPAGE SERVIZI NEI DINTORNI FILTRI RAPIDI GENERAZIONE VOUCHER
NAW	NAW-5339	GESTIONE PDR SCAGLIONI IMPORTO
NAW	NAW-5340	GESTIONE PDR SCAGLIONI %
NAW	NAW-5341	GESTIONE PDR IMPORTO LIBERO
NAW	NAW-5342	GESTIONE PDR SCAGLIONI IMPORTO E INCENTIVO
NAW	NAW-5343	GESTIONE PDR SCAGLIONI % E INCENTIVO
NAW	NAW-5344	GESTIONE PDR IMPORTO LIBERO E INCENTIVO
NAW	NAW-5345	GESTIONE PDR PREMIO AL BUIO SCAGLIONI %
NAW	NAW-5346	GESTIONE PDR PREMIO AL BUIO PERCENTUALE LIBERA
NAW	NAW-5347	GESTIONE PDR PREMIO AL BUIO SCAGLIONI % E INCENTIVO
NAW	NAW-5348	GESTIONE PDR PREMIO AL BUIO PERCENTUALE LIBERA E INCENTIVO
NAW	NAW-5349	GESTIONE PDR PREMIO IN CHIARO
NAW	NAW-5350	GESTIONE PDR PREMIO IN CHIARO CON INCENTIVO
NAW	NAW-5351	GESTIONE PDR DOPPIO PREMIO IN CHIARO
NAW	NAW-5352	GESTIONE PDR DOPPIO PREMIO IN CHIARO CON INCENTIVO
NAW	NAW-5353	GESTIONE PDR PREMIO AL BUIO
NAW	NAW-5354	GESTIONE PDR PREMIO AL BUIO CON INCENTIVO
NAW	NAW-5355	GESTIONE PDR DOPPIO PREMIO AL BUIO
NAW	NAW-5356	GESTIONE PDR DOPPIO PREMIO AL BUIO CON INCENTIVO
NAW	NAW-5357	MODIFICA GESTIONE PDR SCAGLIONI IMPORTO
NAW	NAW-5358	MODIFICA GESTIONE PDR SCAGLIONI %
NAW	NAW-5359	MODIFICA GESTIONE PDR IMPORTO LIBERO
NAW	NAW-5360	MODIFICA GESTIONE PDR SCAGLIONI IMPORTO E INCENTIVO
NAW	NAW-5361	MODIFICA GESTIONE PDR SCAGLIONI % E INCENTIVO
NAW	NAW-5362	MODIFICA GESTIONE PDR IMPORTO LIBERO E INCENTIVO
NAW	NAW-5363	MODIFICA GESTIONE PDR PREMIO AL BUIO SCAGLIONI %
NAW	NAW-5364	MODIFICA GESTIONE PDR PREMIO AL BUIO PERCENTUALE LIBERA
NAW	NAW-5365	MODIFICA GESTIONE PDR PREMIO AL BUIO SCAGLIONI % E INCENTIVO
NAW	NAW-5366	MODIFICA GESTIONE PDR PREMIO AL BUIO PERCENTUALE LIBERA E INCENTIVO
NAW	NAW-5367	MODIFICA GESTIONE PDR PREMIO IN CHIARO
NAW	NAW-5368	MODIFICA GESTIONE PDR PREMIO IN CHIARO CON INCENTIVO
NAW	NAW-5369	MODIFICA GESTIONE PDR DOPPIO PREMIO IN CHIARO
NAW	NAW-5370	MODIFICA GESTIONE PDR DOPPIO PREMIO IN CHIARO CON INCENTIVO
NAW	NAW-5371	MODIFICA GESTIONE PDR PREMIO AL BUIO
NAW	NAW-5372	MODIFICA GESTIONE PDR PREMIO AL BUIO CON INCENTIVO
NAW	NAW-5373	MODIFICA GESTIONE PDR DOPPIO PREMIO AL BUIO
NAW	NAW-5374	MODIFICA GESTIONE PDR DOPPIO PREMIO AL BUIO CON INCENTIVO
NAW	NAW-5375	GESTIONE PDR MODIFICA CAMPO “NAW REMOTE CONFIG” SU CONTENTFUL
NAW	NAW-5376	MODIFICA GESTIONE PDR MODIFICA CAMPO “NAW REMOTE CONFIG” SU CONTENTFUL
NAW	NAW-5436	MENU ASSISTENZA LABEL
NAW	NAW-5437	GIFTCARD DISNEY BUONI ACQUISTO GIFTCARD TESTI CARD
NAW	NAW-5438	GIFTCARD DISNEY BUONI ACQUISTO GIFTCARD PAGINA DI DETTAGLIO
NAW	NAW-5439	GIFTCARD DISNEY BUONI ACQUISTO GIFTCARD ACCORDION 1
NAW	NAW-5440	GIFTCARD DISNEY BUONI ACQUISTO GIFTCARD ACCORDION 2
NAW	NAW-5441	GIFTCARD DISNEY BUONI ACQUISTO GIFTCARD ACCORDION 3
NAW	NAW-5463	HOMEPAGE RICERCA MERCHANT MAPPA
NAW	NAW-5464	HOMEPAGE RICERCA MERCHANT MAPPA CAMBIO INDIRIZZO
NAW	NAW-5465	SERVIZI RICERCA MERCHANT MAPPA GEOLOCALIZZAZIONE
NAW	NAW-5466	SERVIZI RICERCA MERCHANT MAPPA CAMBIO INDIRIZZO
NAW	NAW-5467	SERVIZI RICERCA MERCHANT MAPPA NO GEOLOCALIZZAZIONE
NAW	NAW-5468	RICERCA MERCHANT MAPPA ZOOM IN OUT
NAW	NAW-5469	RICERCA MERCHANT MAPPA MUOVI VISUALE
NAW	NAW-5498	VOUCHER WELFARE AGGIORNAMENTO FAMILIARI LISTINO PRESTAZIONE FIGLIO FIGLIA
NAW	NAW-5499	VOUCHER WELFARE AGGIORNAMENTO FAMILIARI LISTINO PRESTAZIONE CONIUGE
NAW	NAW-5500	VOUCHER WELFARE AGGIORNAMENTO FAMILIARI LISTINO PRESTAZIONE PADRE MADRE
NAW	NAW-5501	VOUCHER WELFARE AGGIORNAMENTO FAMILIARI LISTINO PRESTAZIONE INTESTATARIO
NAW	NAW-5502	VOUCHER WELFARE AGGIORNAMENTO FAMILIARI LISTINO PRESTAZIONE FRATELLO SORELLA
NAW	NAW-5503	VOUCHER WELFARE AGGIORNAMENTO FAMILIARI LISTINO PRESTAZIONE GENERO
NAW	NAW-5504	VOUCHER WELFARE AGGIORNAMENTO FAMILIARI LISTINO PRESTAZIONE NUORA
NAW	NAW-5505	VOUCHER WELFARE AGGIORNAMENTO FAMILIARI LISTINO PRESTAZIONE SUOCERO
NAW	NAW-5506	VOUCHER WELFARE AGGIORNAMENTO FAMILIARI LISTINO PRESTAZIONE SUOCERA
NAW	NAW-5507	VOUCHER WELFARE AGGIORNAMENTO FAMILIARI LISTINO PRESTAZIONE NONNO A IN ASSENZA DI GENITORI
NAW	NAW-5508	VOUCHER WELFARE AGGIORNAMENTO FAMILIARI LISTINO PRESTAZIONE BISNONNO BISNONNA
NAW	NAW-5509	VOUCHER WELFARE AGGIORNAMENTO FAMILIARI IMPORTO LIBERO FIGLIO FIGLIA
NAW	NAW-5510	VOUCHER WELFARE AGGIORNAMENTO FAMILIARI IMPORTO LIBERO CONIUGE
NAW	NAW-5511	VOUCHER WELFARE AGGIORNAMENTO FAMILIARI IMPORTO LIBERO PADRE MADRE
NAW	NAW-5512	VOUCHER WELFARE AGGIORNAMENTO FAMILIARI IMPORTO LIBERO INTESTATARIO
NAW	NAW-5513	VOUCHER WELFARE AGGIORNAMENTO FAMILIARI IMPORTO LIBERO FRATELLO SORELLA
NAW	NAW-5514	VOUCHER WELFARE AGGIORNAMENTO FAMILIARI IMPORTO LIBERO GENERO
NAW	NAW-5515	VOUCHER WELFARE AGGIORNAMENTO FAMILIARI IMPORTO LIBERO NUORA
NAW	NAW-5516	VOUCHER WELFARE AGGIORNAMENTO FAMILIARI IMPORTO LIBERO SUOCERO
NAW	NAW-5517	VOUCHER WELFARE AGGIORNAMENTO FAMILIARI IMPORTO LIBERO SUOCERA
NAW	NAW-5518	VOUCHER WELFARE AGGIORNAMENTO FAMILIARI IMPORTO LIBERO NONNO A IN ASSENZA DI GENITORI
NAW	NAW-5519	VOUCHER WELFARE AGGIORNAMENTO FAMILIARI IMPORTO LIBERO BISNONNO BISNONNA
NAW	NAW-5520	VOUCHER WELFARE AGGIORNAMENTO FAMILIARI LISTINO PRESTAZIONE FAMILIARE CONVIVENTE GENERAZIONE VOUCHER
NAW	NAW-5521	VOUCHER WELFARE AGGIORNAMENTO FAMILIARI IMPORTO LIBERO FAMILIARE CONVIVENTE GENERAZIONE VOUCHER
NAW	NAW-5522	VOUCHER WELFARE AGGIORNAMENTO FAMILIARI LISTINO PRESTAZIONE GENERAZIONE VOUCHER
NAW	NAW-5523	VOUCHER WELFARE AGGIORNAMENTO FAMILIARI IMPORTO LIBERO GENERAZIONE VOUCHER
NAW	NAW-5524	RIMBORSI ISTRUZIONE E FORMAZIONE AGGIORNAMENTO FAMILIARI ELENCO DOCUMENTI DA CARICARE
NAW	NAW-5525	RIMBORSI ISTRUZIONE E FORMAZIONE AGGIORNAMENTO FAMILIARI CHIPS AUTOCERTIFICAZIONE STATO DI CONVIVENZA
NAW	NAW-5526	RIMBORSI ISTRUZIONE E FORMAZIONE AGGIORNAMENTO FAMILIARI CARICAMENTO DOCUMENTI CHIPS FIGLIO FIGLIA
NAW	NAW-5527	RIMBORSI ISTRUZIONE E FORMAZIONE AGGIORNAMENTO FAMILIARI CARICAMENTO DOCUMENTI CHIPS CONIUGE
NAW	NAW-5528	RIMBORSI ISTRUZIONE E FORMAZIONE AGGIORNAMENTO FAMILIARI CARICAMENTO DOCUMENTI CHIPS PADRE MADRE
NAW	NAW-5529	RIMBORSI ISTRUZIONE E FORMAZIONE AGGIORNAMENTO FAMILIARI CARICAMENTO DOCUMENTI CHIPS CONVIVENTE UNITO CIVILMENTE
NAW	NAW-5530	RIMBORSI ISTRUZIONE E FORMAZIONE AGGIORNAMENTO FAMILIARI CARICAMENTO DOCUMENTI CHIPS FRATELLO SORELLA
NAW	NAW-5531	RIMBORSI ISTRUZIONE E FORMAZIONE AGGIORNAMENTO FAMILIARI CARICAMENTO DOCUMENTI CHIPS GENERO
NAW	NAW-5532	RIMBORSI ISTRUZIONE E FORMAZIONE AGGIORNAMENTO FAMILIARI CARICAMENTO DOCUMENTI CHIPS NUORA
NAW	NAW-5533	RIMBORSI ISTRUZIONE E FORMAZIONE AGGIORNAMENTO FAMILIARI CARICAMENTO DOCUMENTI CHIPS SUOCERO
NAW	NAW-5534	RIMBORSI ISTRUZIONE E FORMAZIONE AGGIORNAMENTO FAMILIARI CARICAMENTO DOCUMENTI CHIPS SUOCERA
NAW	NAW-5535	RIMBORSI ISTRUZIONE E FORMAZIONE AGGIORNAMENTO FAMILIARI CARICAMENTO DOCUMENTI CHIPS NONNO A IN ASSENZA DI GENITORI
NAW	NAW-5536	RIMBORSI ISTRUZIONE E FORMAZIONE AGGIORNAMENTO FAMILIARI CARICAMENTO DOCUMENTI CHIPS BISNONNO BISNONNA
NAW	NAW-5559	PARTNER ONLINE CARD TITOLO CARD
NAW	NAW-5560	PARTNER ONLINE CARD DESCRIZIONE CARD
NAW	NAW-5561	PARTNER ONLINE PAGINA DI DETTAGLIO TITOLO PAGINA
NAW	NAW-5562	PARTNER ONLINE PAGINA DI DETTAGLIO SOTTOTITOLO
NAW	NAW-5563	PARTNER ONLINE PAGINA DI DETTAGLIO TITOLO STEP
NAW	NAW-5564	PARTNER ONLINE PAGINA DI DETTAGLIO STEP 1
NAW	NAW-5565	PARTNER ONLINE PAGINA DI DETTAGLIO STEP 2
NAW	NAW-5566	PARTNER ONLINE PAGINA DI DETTAGLIO STEP 3
NAW	NAW-5567	PARTNER ONLINE PAGINA DI DETTAGLIO NOTE
NAW	NAW-5568	PARTNER ONLINE PAGINA DI DETTAGLIO WIDGET
NAW	NAW-5569	PARTNER ONLINE VAI AL PARTNER ACCESSO SSO
NAW	NAW-5578	BUONI SHOPPING IMPORTO DECIMALE FONTI AUTONOME
NAW	NAW-5579	BUONI SHOPPING IMPORTO DECIMALE FONTI NON AUTONOME
NAW	NAW-5591	PDR A TRE VARIABILI PAGINA DI CORTESIA
NAW	NAW-5592	PDR A TRE VARIABILI PAGINA DI CORTESIA LINK
NAW	NAW-5648	PDR A TRE VARIABILI PREMIO AL BUIO PAGINA DI CORTESIA
NAW	NAW-5649	PREMIO DI RISULTATO GESTISCI IL TUO PREMIO
NAW	NAW-5650	PREMIO DI RISULTATO GESTISCI IL TUO PREMIO PAGINA DI CORTESIA
NAW	NAW-5651	PREMIO DI RISULTATO GESTISCI IL TUO PREMIO PAGINA DI CORTESIA LINK
NAW	NAW-5652	PREMIO DI RISULTATO NESSUN PREMIO
NAW	NAW-5663	HOMEPAGE WIDGET SERVIZI NEI DINTORNI
NAW	NAW-5664	HOMEPAGE WIDGET SERVIZI NEI DINTORNI FILTRI RAPIDI
NAW	NAW-5665	HOMEPAGE WIDGET SERVIZI NEI DINTORNI SCROLL A SINISTRA
NAW	NAW-5666	HOMEPAGE WIDGET SERVIZI NEI DINTORNI SCROLL A DESTRA
NAW	NAW-5667	HOMEPAGE WIDGET SERVIZI NEI DINTORNI PAGINA DETTAGLIO MERCHANT
NAW	NAW-5668	HOMEPAGE WIDGET SERVIZI NEI DINTORNI RICHIESTA VOUCHER
NAW	NAW-5669	HOMEPAGE WIDGET SERVIZI NEI DINTORNI VEDI TUTTE LE STRUTTURE
NAW	NAW-5670	HOMEPAGE WIDGET SERVIZI NEI DINTORNI FILTRI RAPIDI CAMBIO BENEFIT
NAW	NAW-5671	BUG UAT HOME PAGE NON VIENE CARICATA
NAW	NAW-5732	HOMEPAGE GESTIONE PDR PREMIO IN CHIARO IMPORTO LIBERO SCELTA 0€
NAW	NAW-5733	HOMEPAGE MODIFICA PDR PREMIO IN CHIARO IMPORTO LIBERO SCELTA 0€
NAW	NAW-5734	HOMEPAGE GESTIONE PDR PREMIO IN CHIARO IMPORTO LIBERO SCELTA 0%
NAW	NAW-5735	HOMEPAGE MODIFICA PDR PREMIO IN CHIARO IMPORTO LIBERO SCELTA 0%
NAW	NAW-5736	HOMEPAGE GESTIONE PDR PREMIO AL BUIO IMPORTO LIBERO SCELTA 0%
NAW	NAW-5737	HOMEPAGE MODIFICA PDR PREMIO AL BUIO IMPORTO LIBERO SCELTA 0%
NAW	NAW-5738	HOMEPAGE GESTIONE PDR PREMIO IN CHIARO IMPORTO LIBERO ERRORE CAMPO VUOTO
NAW	NAW-5739	HOMEPAGE MODIFICA PDR PREMIO IN CHIARO IMPORTO LIBERO ERRORE CAMPO VUOTO
NAW	NAW-5742	HOMEPAGE GESTIONE PDR PREMIO AL BUIO IMPORTO LIBERO ERRORE CAMPO VUOTO
NAW	NAW-5743	HOMEPAGE MODIFICA PDR PREMIO AL BUIO IMPORTO LIBERO ERRORE CAMPO VUOTO
NAW	NAW-5747	LOGIN PRIMO ACCESSO REGISTRAZIONE STANDARD
NAW	NAW-5748	LOGIN PRIMO ACCESSO WIZARD CAMBIO PASSWORD
NAW	NAW-5749	LOGIN PRIMO ACCESSO REGISTRAZIONE STANDARD PRODOTTO WELFARE + TR
NAW	NAW-5750	LOGIN PRIMO ACCESSO REGISTRAZIONE STANDARD NESSUN PRODOTTO
NAW	NAW-5751	LOGIN PRIMO ACCESSO REGISTRAZIONE STANDARD PRODOTTO TR
NAW	NAW-5752	LOGIN SECONDO ACCESSO
NAW	NAW-5753	LOGIN SSO FERSERVIZI
NAW	NAW-5754	LOGIN AUTOLOGIN
NAW	NAW-5755	LOGIN AUTOLOGIN BIOMETRIA
NAW	NAW-5773	HOMEPAGE SERVIZI PIU RICHIESTI
NAW	NAW-5774	HOMEPAGE SERVIZI PIU RICHIESTI SCROLL VERSO SINISTRA
NAW	NAW-5775	HOMEPAGE SERVIZI PIU RICHIESTI SCROLL VERSO DESTRA
NAW	NAW-5776	HOMEPAGE SERVIZI PIU RICHIESTI DETTAGLIO DEL PARTNER
NAW	NAW-5805	SERVIZI WELFARE BORSE DI STUDIO IREN LISTA CATEGORIE
NAW	NAW-5806	SERVIZI WELFARE BORSE DI STUDIO IREN DETTAGLIO
NAW	NAW-5807	SERVIZI WELFARE BORSE DI STUDIO IREN CTA VAI AL PORTALE
NAW	NAW-5861	CERCALOCALI DETTAGLIO MERCHANT TR
NAW	NAW-5862	CERCALOCALI DETTAGLIO MERCHANT BUONI SHOPPING
NAW	NAW-5863	PORTALE BENEFICIARI RICERCA LOCALI DETTAGLIO MERCHANT
NAW	NAW-5864	EDENRED WELFARE APP RICERCA LOCALI DETTAGLIO MERCHANT
NAW	NAW-5865	EDENRED MULTIWALLET APP RICERCA LOCALI DETTAGLIO MERCHANT
NAW	NAW-5866	STORE LOCATOR AZURE COGNITIVE SEARCH API
NAW	NAW-5930	HOMEPAGE WELFARE STORIES
NAW	NAW-5931	HOMEPAGE WELFARE STORIES CAROSELLO GRUPPI SWIPE A SINISTRA DESTRA
NAW	NAW-5932	HOMEPAGE WELFARE STORIES TAP A DESTRA SINISTRA
NAW	NAW-5933	HOMEPAGE WELFARE STORIES SWIPE A DESTRA SINISTRA
NAW	NAW-5934	HOMEPAGE WELFARE STORIES TAP LUNGO
NAW	NAW-5935	HOMEPAGE WELFARE STORIES NAV BAR MUTE BUTTON
NAW	NAW-5936	HOMEPAGE WELFARE STORIES NAV BAR BOTTONE PLAY PAUSA
NAW	NAW-5937	HOMEPAGE WELFARE STORIES NAV BAR BOTTONE X
NAW	NAW-5938	HOMEPAGE WELFARE STORIES LINK
NAW	NAW-5939	HOMEPAGE LINK AL REGOLAMENTO
NAW	NAW-5940	PAGINA SERVIZI RIMBORSI TRASPORTI RIMANDO AL PORTALE
NAW	NAW-5941	ELENCO MOVIMENTI BUONI ACQUISTO SPESA DETTAGLIO
NAW	NAW-5942	ELENCO MOVIMENTI BUONI ACQUISTO SPESA DOWNLOAD DOCUMENTO
NAW	NAW-5943	ELENCO MOVIMENTI BUONI ACQUISTO TC TOP PREMIUM DETTAGLIO
NAW	NAW-5944	ELENCO MOVIMENTI BUONI ACQUISTO TC TOP PREMIUM DOWNLOAD DOCUMENTO
NAW	NAW-5945	ELENCO MOVIMENTI VOUCHER WELFARE DETTAGLIO
NAW	NAW-5946	ELENCO MOVIMENTI VOUCHER WELFARE DETTAGLIO DOWNLOAD
NAW	NAW-5947	ELENCO MOVIMENTI GIFTCARD DETTAGLIO
NAW	NAW-5948	GESTIONE PREMIO CHIARO SCAGLIONI EURO
NAW	NAW-5949	GESTIONE PREMIO CHIARO IMPORTO LIBERO
NAW	NAW-5950	GESTIONE PREMIO CHIARO SCAGLIONI PERCENTUALE
NAW	NAW-5951	GESTIONE PREMIO CHIARO SCAGLIONI EURO INCENTIVO
NAW	NAW-5952	GESTIONE PREMIO CHIARO IMPORTO LIBERO INCENTIVO
NAW	NAW-5953	GESTIONE PREMIO CHIARO SCAGLIONI PERCENTUALE INCENTIVO
NAW	NAW-5954	GESTIONE PREMIO CHIARO SCAGLIONI EURO SOGLIA MINIMA
NAW	NAW-5955	GESTIONE PREMIO CHIARO IMPORTO LIBERO SOGLIA MINIMA
NAW	NAW-5956	GESTIONE PREMIO CHIARO SCAGLIONI PERCENTUALE SOGLIA MINIMA
NAW	NAW-5957	GESTIONE PREMIO CHIARO SCAGLIONI EURO SOGLIA MASSIMA
NAW	NAW-5958	GESTIONE PREMIO CHIARO SCAGLIONI PERCENTUALE SOGLIA MASSIMA
NAW	NAW-5959	GESTIONE PREMIO CHIARO SCAGLIONI EURO SOGLIA MINIMA E MASSIMA
NAW	NAW-5960	GESTIONE PREMIO CHIARO SCAGLIONI PERCENTUALE SOGLIA MINIMA E MASSIMA
NAW	NAW-5961	GESTIONE PREMIO CHIARO SCAGLIONI EURO INCENTIVO SOGLIA MINIMA
NAW	NAW-5962	GESTIONE PREMIO CHIARO IMPORTO LIBERO INCENTIVO SOGLIA MINIMA
NAW	NAW-5963	GESTIONE PREMIO CHIARO SCAGLIONI PERCENTUALE INCENTIVO SOGLIA MINIMA
NAW	NAW-5964	GESTIONE PREMIO CHIARO SCAGLIONI EURO INCENTIVO SOGLIA MASSIMA
NAW	NAW-5965	GESTIONE PREMIO CHIARO SCAGLIONI PERCENTUALE INCENTIVO SOGLIA MASSIMA
NAW	NAW-5966	GESTIONE PREMIO CHIARO SCAGLIONI EURO INCENTIVO SOGLIA MINIMA E MASSIMA
NAW	NAW-5967	GESTIONE PREMIO CHIARO SCAGLIONI PERCENTUALE INCENTIVO SOGLIA MINIMA E MASSIMA
NAW	NAW-5968	GESTIONE PREMIO BUIO SCAGLIONI PERCENTUALE
NAW	NAW-5969	GESTIONE PREMIO BUIO IMPORTO LIBERO
NAW	NAW-5970	GESTIONE PREMIO BUIO SCAGLIONI PERCENTUALE INCENTIVO
NAW	NAW-5971	GESTIONE PREMIO BUIO IMPORTO LIBERO INCENTIVO
NAW	NAW-5972	GESTIONE PREMIO BUIO IMPORTO LIBERO SOGLIA MINIMA
NAW	NAW-5973	GESTIONE PREMIO BUIO SCAGLIONI PERCENTUALE SOGLIA MINIMA
NAW	NAW-5974	GESTIONE PREMIO BUIO SCAGLIONI PERCENTUALE SOGLIA MASSIMA
NAW	NAW-5975	GESTIONE PREMIO BUIO SCAGLIONI PERCENTUALE SOGLIA MINIMA E MASSIMA
NAW	NAW-5976	GESTIONE PREMIO BUIO IMPORTO LIBERO INCENTIVO SOGLIA MINIMA
NAW	NAW-5977	GESTIONE PREMIO BUIO SCAGLIONI PERCENTUALE INCENTIVO SOGLIA MINIMA
NAW	NAW-5978	GESTIONE PREMIO BUIO SCAGLIONI PERCENTUALE INCENTIVO SOGLIA MASSIMA
NAW	NAW-5979	GESTIONE PREMIO BUIO SCAGLIONI PERCENTUALE INCENTIVO SOGLIA MINIMA E MASSIMA
NAW	NAW-5980	MODIFICA SCELTA PREMIO CHIARO SCAGLIONI EURO
NAW	NAW-5981	MODIFICA SCELTA PREMIO CHIARO IMPORTO LIBERO
NAW	NAW-5982	MODIFICA SCELTA PREMIO CHIARO SCAGLIONI PERCENTUALE
NAW	NAW-5983	MODIFICA SCELTA PREMIO CHIARO SCAGLIONI EURO INCENTIVO
NAW	NAW-5984	MODIFICA SCELTA PREMIO CHIARO IMPORTO LIBERO INCENTIVO
NAW	NAW-5985	MODIFICA SCELTA PREMIO CHIARO SCAGLIONI PERCENTUALE INCENTIVO
NAW	NAW-5986	MODIFICA SCELTA PREMIO CHIARO SCAGLIONI EURO SOGLIA MINIMA
NAW	NAW-5987	MODIFICA SCELTA PREMIO CHIARO IMPORTO LIBERO SOGLIA MINIMA
NAW	NAW-5988	MODIFICA SCELTA PREMIO CHIARO SCAGLIONI PERCENTUALE SOGLIA MINIMA
NAW	NAW-5989	MODIFICA SCELTA PREMIO CHIARO SCAGLIONI EURO SOGLIA MASSIMA
NAW	NAW-5990	MODIFICA SCELTA PREMIO CHIARO SCAGLIONI PERCENTUALE SOGLIA MASSIMA
NAW	NAW-5991	MODIFICA SCELTA PREMIO CHIARO SCAGLIONI EURO SOGLIA MINIMA E MASSIMA
NAW	NAW-5992	MODIFICA SCELTA PREMIO CHIARO SCAGLIONI PERCENTUALE SOGLIA MINIMA E MASSIMA
NAW	NAW-5993	MODIFICA SCELTA PREMIO CHIARO SCAGLIONI EURO INCENTIVO SOGLIA MINIMA
NAW	NAW-5994	MODIFICA SCELTA PREMIO CHIARO IMPORTO LIBERO INCENTIVO SOGLIA MINIMA
NAW	NAW-5995	MODIFICA SCELTA PREMIO CHIARO SCAGLIONI PERCENTUALE INCENTIVO SOGLIA MINIMA
NAW	NAW-5996	MODIFICA SCELTA PREMIO CHIARO SCAGLIONI EURO INCENTIVO SOGLIA MASSIMA
NAW	NAW-5997	MODIFICA SCELTA PREMIO CHIARO SCAGLIONI PERCENTUALE INCENTIVO SOGLIA MASSIMA
NAW	NAW-5998	MODIFICA SCELTA PREMIO CHIARO SCAGLIONI EURO INCENTIVO SOGLIA MINIMA E MASSIMA
NAW	NAW-5999	MODIFICA SCELTA PREMIO CHIARO SCAGLIONI PERCENTUALE INCENTIVO SOGLIA MINIMA E MASSIMA
NAW	NAW-6000	MODIFICA SCELTA PREMIO BUIO SCAGLIONI PERCENTUALE
NAW	NAW-6001	MODIFICA SCELTA PREMIO BUIO IMPORTO LIBERO
NAW	NAW-6002	MODIFICA SCELTA PREMIO BUIO SCAGLIONI PERCENTUALE INCENTIVO
NAW	NAW-6003	MODIFICA SCELTA PREMIO BUIO IMPORTO LIBERO INCENTIVO
NAW	NAW-6004	MODIFICA SCELTA PREMIO BUIO IMPORTO LIBERO SOGLIA MINIMA
NAW	NAW-6005	MODIFICA SCELTA PREMIO BUIO SCAGLIONI PERCENTUALE SOGLIA MINIMA
NAW	NAW-6006	MODIFICA SCELTA PREMIO BUIO SCAGLIONI PERCENTUALE SOGLIA MASSIMA
NAW	NAW-6007	MODIFICA SCELTA PREMIO BUIO SCAGLIONI PERCENTUALE SOGLIA MINIMA E MASSIMA
NAW	NAW-6008	MODIFICA SCELTA PREMIO BUIO IMPORTO LIBERO INCENTIVO SOGLIA MINIMA
NAW	NAW-6009	MODIFICA SCELTA PREMIO BUIO SCAGLIONI PERCENTUALE INCENTIVO SOGLIA MINIMA
NAW	NAW-6010	MODIFICA SCELTA PREMIO BUIO SCAGLIONI PERCENTUALE INCENTIVO SOGLIA MASSIMA
NAW	NAW-6011	MODIFICA SCELTA PREMIO BUIO SCAGLIONI PERCENTUALE INCENTIVO SOGLIA MINIMA E MASSIMA
NAW	NAW-6012	DOPPIO PREMIO DA GESTIRE
NAW	NAW-6013	DOPPIO PREMIO UNO GESTITO
NAW	NAW-6014	DOPPIO PREMIO MODIFICABILE
NAW	NAW-6015	DOPPIO PREMIO PREMIO IN CHIARO
NAW	NAW-6016	DOPPIO PREMIO UN PREMIO IN CHIARO UNO AL BUIO
NAW	NAW-6017	DOPPIO PREMIO PREMIO AL BUIO
NAW	NAW-6018	DOPPIO PREMIO UN PREMIO CONSOLIDATO
NAW	NAW-6019	DOPPIO PREMIO TUTTI I PREMI CONSOLIDATI
NAW	NAW-6077	PREMIO DI RISULTATO A 3 VARIABILI ENTRYPOINT UN PREMIO NON GESTITO
NAW	NAW-6078	PREMIO DI RISULTATO A 3 VARIABILI ENTRYPOINT UN PREMIO GESTITO
NAW	NAW-6079	PREMIO DI RISULTATO A 3 VARIABILI ENTRYPOINT N PREMI NON GESTITI
NAW	NAW-6080	PREMIO DI RISULTATO A 3 VARIABILI ENTRYPOINT N PREMI GESTITI
NAW	NAW-6081	PREMIO DI RISULTATO A 3 VARIABILI ENTRYPOINT N PREMI NON GESTITI E M PREMI GESTITI
NAW	NAW-6082	PREMIO DI RISULTATO A 3 VARIABILI ENTRYPOINT 1 PREMIO NON GESTITO E N PREMI GESTITI
NAW	NAW-6083	PREMIO DI RISULTATO A 3 VARIABILI ISTRUZIONI
NAW	NAW-6084	PREMIO DI RISULTATO A 3 VARIABILI ISTRUZIONI CTA X
NAW	NAW-6085	PREMIO DI RISULTATO A 3 VARIABILI ISTRUZIONI CAROSELLO
NAW	NAW-6086	PREMIO DI RISULTATO A 3 VARIABILI ISTRUZIONI CAROSELLO PAGINA 1
NAW	NAW-6087	PREMIO DI RISULTATO A 3 VARIABILI ISTRUZIONI CAROSELLO PAGINA 2
NAW	NAW-6088	PREMIO DI RISULTATO A 3 VARIABILI ISTRUZIONI CAROSELLO PAGINA 3
NAW	NAW-6089	PREMIO DI RISULTATO A 3 VARIABILI ISTRUZIONI CAROSELLO PAGINA 4
NAW	NAW-6090	PREMIO DI RISULTATO A 3 VARIABILI ISTRUZIONI CAROSELLO PAGINA 4 LISTA DOCUMENTI
NAW	NAW-6091	PREMIO DI RISULTATO A 3 VARIABILI ISTRUZIONI CTA SALTA E VAI AL PREMIO
NAW	NAW-6092	PREMIO DI RISULTATO A 3 VARIABILI ISTRUZIONI PREMIO MULTIPLO PAGINA DISAMBIGUAZIONE 1 PREMIO DA GESTIRE
NAW	NAW-6093	PREMIO DI RISULTATO A 3 VARIABILI ISTRUZIONI PREMIO MULTIPLO PAGINA DISAMBIGUAZIONE N PREMI DA GESTIRE
NAW	NAW-6094	PREMIO DI RISULTATO A 3 VARIABILI ISTRUZIONI PREMIO MULTIPLO PAGINA DISAMBIGUAZIONE 1 PREMIO DA MODIFICARE
NAW	NAW-6095	PREMIO DI RISULTATO A 3 VARIABILI ISTRUZIONI PREMIO MULTIPLO PAGINA DISAMBIGUAZIONE N PREMI DA MODIFICARE
NSL	NSL-75	NSL 968 FE GEO TOOL AGGIUNTA COLONNA RAGGI CUSTOM PAGINA DI OVERVIEW
NSL	NSL-76	NSL 969 FE GESTIONE ERRORE PRIVATIZZAZIONE CHIAMATE GEO TOOLS
NSL	NSL-77	NSL 978 FE SPOTLIGHT ELEMENTS INTEGRAZIONE NUOVO CAROSELLO
NSL	NSL-78	NSL 819 FE INTEGRAZIONE POWER LABEL TC
NSL	NSL-79	NSL 194 FE SEZIONE PREFERITI PAGINA TR
NSL	NSL-80	NSL 895 FE SEZIONI PREFERITI SNACKBAR AGGIUNTA ELIMINAZIONE
NSL	NSL-81	NSL 897 FE WIDGET SEZIONE PREFERITI TR
NSL	NSL-82	01 TEST DI NAVIGAZIONE SU NSL
NSL	NSL-83	02 TEST DI NAVIGAZIONE EDENRED SHOPPING
NSL	NSL-84	03 TEST DI NAVIGAZIONE GEOTOOL
NSL	NSL-85	01 INSERIMENTO < 3 LETTERE
NSL	NSL-86	02 INSERIMENTO 3 LETTERE
NSL	NSL-87	03 INSERIMENTO > 3 LETTERE
NSL	NSL-88	04 INSERIMENTO 3 LETTERE NEL "CAMBIA AREA"
NSL	NSL-89	05 INSERIMENTO < 3 LETTERE NEL "CAMBIA AREA"
NSL	NSL-90	06 INSERIMENTO 3 LETTERE CON MODIFICA
NSL	NSL-91	07 INSERIMENTO < 3 LETTERE CON MODIFICA
NSL	NSL-92	01 LOGIN E LOGOUT
NSL	NSL-93	02 RICERCA LOCALI TICKET RESTAURANT
NSL	NSL-94	03 RICERCA LOCALI BUONO SHOPPING
NSL	NSL-95	04 RICERCA LOCALI WELFARE
NSL	NSL-96	05 RICERCA LOCALI LISTA MAPPA INFORMAZIONI LOCALE BUONI SHOPPING
NSL	NSL-97	01 NRT HOMEPAGE CERCALOCALI
NSL	NSL-98	02 RICERCA INDIRIZZO
NSL	NSL-99	03 RICERCA CAP
NSL	NSL-100	04 RICERCA GEOLOCALIZZAZIONE
NSL	NSL-101	05 RICERCA GEOLOCALIZZAZIONE MAPPA
NSL	NSL-102	06 FILTRO RISTORANTE
NSL	NSL-103	07 FILTRO PIZZERIA
NSL	NSL-104	08 FILTRO ALIMENTARI
NSL	NSL-105	09 FILTRO OSTERIA
NSL	NSL-106	10 FILTRO WINE BAR
NSL	NSL-107	11 FILTRO TRATTORIA
NSL	NSL-108	12 DISTANZA 1KM
NSL	NSL-109	13 DISTANZA 2KM
NSL	NSL-110	14 DISTANZA 3KM
NSL	NSL-111	15 DISTANZA 5KM
NSL	NSL-112	16 DISTANZA 10KM
NSL	NSL-113	17 DISTANZA 15KM
NSL	NSL-114	18 DISTANZA 20KM
NSL	NSL-115	19 DISTANZA 50KM
NSL	NSL-116	20 DISTANZA 75KM
NSL	NSL-117	21 DISTANZA 100KM
NSL	NSL-118	22 DISTANZA 150KM
NSL	NSL-119	23 CLICK SU SCHEDINA
NSL	NSL-120	24 CLICK SU OTTIENI INDICAZIONE
NSL	NSL-121	02 MODIFICA LABEL
NSL	NSL-122	01 VISUALIZZAZIONE LABEL
NSL	NSL-123	01 NSL LOGIN UTENZA TR
NSL	NSL-124	02 NSL RICERCA LOCALI PRODOTTO TR
NSL	NSL-125	RICERCA MERCHANT MERCHANT A PACCHETTO
NSL	NSL-126	06 RICERCA LOCALI LISTA MAPPA INFORMAZIONI LOCALE TICKET RESTAURANT
NSL	NSL-127	01 RICERCA LOCALI PAB EVOLUTIVE AGGIUNTA DEI CAMPI PROVINCIA E COMUNE
NSL	NSL-128	02 RICERCA LOCALI PAB EVOLUTIVE AGGIUNTA DEI CAMPI PROVINCIA E COMUNE DOWNLOAD NUOVO FILE DETTAGLIO
NSL	NSL-129	01 PORTALE PAB MIGRAZIONE WAF TEST PRE SWITCH DNS
NSL	NSL-130	02 PORTALE PAB MIGRAZIONE WAF TEST PRE SWITCH DNS RICERCA PER COMUNE
NSL	NSL-131	03 PORTALE PAB MIGRAZIONE WAF TEST PRE SWITCH DNS RICERCA PER INDIRIZZO
NSL	NSL-132	04 PORTALE PAB MIGRAZIONE WAF TEST PRE SWITCH DNS NAVIGAZIONE BOTTONE PRIMA PAGINA "<<"
NSL	NSL-133	05 PORTALE PAB MIGRAZIONE WAF TEST PRE SWITCH DNS NAVIGAZIONE BOTTONE ULTIMA PAGINA ">>"
NSL	NSL-134	06 PORTALE PAB MIGRAZIONE WAF TEST PRE SWITCH DNS NAVIGAZIONE BOTTONE PAGINA PRECEDENTE "<"
NSL	NSL-135	07 PORTALE PAB MIGRAZIONE WAF TEST PRE SWITCH DNS NAVIGAZIONE BOTTONE PAGINA SUCCESSIVA ">"
NSL	NSL-136	08 PORTALE PAB MIGRAZIONE WAF TEST PRE SWITCH DNS NAVIGAZIONE BOTTONI SCORRIMENTO DELLA TABELLA "< >"
NSL	NSL-137	09 PORTALE PAB MIGRAZIONE WAF TEST PRE SWITCH DNS FILTRO VEGETARIANO