PWBE	PWBE-5436	a7f845b9662d4ecae69de19a04c321c82d2061a6e5248ecaead0942fd7321ce7
PWBE	PWBE-5437	77cc82ee7cdb24a8ecdbe8f56328f49b84e68237e2baa5758d7a1225c4bf539b
PWBE	PWBE-5438	e41d120aeccdf99bc6d458d303bf703fd9423705645d0ffc60b5370eee379fb1
PWBE	PWBE-5439	7236752e5ed228070cd3028f947b87b52d22dd39ea54d5939bc6dc34ed7e1a36
PWBE	PWBE-5440	9cc7450eecc21bc4166f35ae898ce0df679f11179fa9fedb22315a5ed66ebd0f
PWBE	PWBE-5441	770fe9f9d4fe8f80abdf5f2e8769dfc8cd43888bd5e280957ad58f6d472539c9
PWBE	PWBE-5442	94a7aca43115d620d87d3feabfc5929b290294c3d056fb3c407ad9c7f7735b73
PWBE	PWBE-5443	54c7030a8dfc47fbdf5f1b84ec7db300c0448afef6d7ae4cddf3740510cc84f5
PWBE	PWBE-5444	3987b6ed6cd0453aefa1e4adec7c13def9a03e16e659243b66ea006c94b1258d
PWBE	PWBE-5445	07fc75ca7acd70df6c9d8be38eeb112151b559d5aaea1499c5aa2555194db6ac
PWBE	PWBE-5446	7a29eabc78f56b99fa11dba2f625b686fbebc62d8a2a5f266b51e810abac526a
PWBE	PWBE-5447	d53d51addb61b1d6e27ffe8b2e83c56cf7f7603eb7d03ff8d07833fa6e73e732
PWBE	PWBE-5448	0a03dfe97636ae2a13de5d39e6f69a0e5de3e03df5eb6affe5ad5b92271b3eb2
PWBE	PWBE-5449	7355b5b609658df3065fd309846587e0011ced50210bc1a619d5523162ed66fc
PWBE	PWBE-5450	2e8ad6775b712cf3876f5e56a10b40bdc4ea29c45b11083392d48eb76e0996ed
PWBE	PWBE-5451	9134eaca9e921a9f1191d084136d8b3508af049e33bbcd51fa8543495dff5d9c
PWBE	PWBE-5452	cdef1cb9f6bad9ae0cf108bf2a868af32b08477de7990e1560c7f00af7a38c1a
PWBE	PWBE-5453	ad7b651bee06902f7a7467cdd7035564bab2b67adc2574bd18715f96666d302d
PWBE	PWBE-5454	7e8531bd69849e2ec3e2f4d12e8b55e69114761d52128a418a45475de3d28d7d
PWBE	PWBE-5455	87475a8307b08fe839c2838dbb12f26022004986a93e1164f67f9f45c5fd6619
PWBE	PWBE-5456	d8b6b3a94bf2f5e2364f7e59716e44f293532a9f2b6d5c02d68e98e7653729cf
PWBE	PWBE-5457	2a046b03b2cc3233ab681157e2b6dc9dc4d15c0134bd51a24db99ff1f2a60b0c
PWBE	PWBE-5458	eb4367938315cd96ec08d8e6956c9fdb8f15e05d00b0153bb95c14449312b4c6
PWBE	PWBE-5459	e8a326eb6ea7db999ec14fcf262d7cd524b5681cb38f12b717c64c27c0d3b51b
PWBE	PWBE-5460	1e099165bd3892a02519e146923f4e5a442cad3c28e7edf363a0c097e080b16d
PWBE	PWBE-5464	cd3d302b6fa14a4f5bfa35df005e4ea6fdca0606a0470cc7caa3bb0c35297671
PWBE	PWBE-5465	e8b97f873af8bdb48f8375b972e507d01f34991ccec3f4db41a320408d49c119
PWBE	PWBE-5466	6f084d3194fe6d302b2b70188308f43fc2f5f2a4c8bf8b0fcc73cb94aa50b8b3
PWBE	PWBE-5467	b509288fdc1246fab5181c76f7e41e0970573e4875c5db045f6a25323f5ad7e7
PWBE	PWBE-5468	719121c85c8ec37efb6a6ca67c4846a5b382b07b46aca37f23ff767917950764
PWBE	PWBE-5469	0cd0486ebb9ba2e8c4e802083ccdb4e359c9db9ef5403f7dc29f94836da6b2d9
PWBE	PWBE-5470	45293d0a9c01d47bc6f160f9b1ba408559a0eb5e511f6707f2d2a50ab8cdf9bb
PWBE	PWBE-5471	6c28defb1f13150775ab52c9d5a673fd2a97ff0d636f48d8f6b124c96717de52
PWBE	PWBE-5472	a2cdda8ab3ed454e11e79ebcad8badc29139550c8580d88fb0dfdd7fe064defd
PWBE	PWBE-5473	356b66a0c795686a822c9b4164930639a13a43297b2ecbc00359f5aec0cc892b
PWBE	PWBE-5474	1040e1ae7e756eedb00dd996fb351c64923c49c17f2f8eaa4e8e3a4d2edc6db7
PWBE	PWBE-5475	24a87da9cc1a3a189457cb47d47e7840751ec21102815902be862a5de67b65b3
PWBE	PWBE-5478	37b6b341605d2c2601ea25ca31b211331f17867a5d18ceca553cfd891fbd62b7
PWBE	PWBE-5479	a931f90f3146f4b8105625a91060e22808cf664d59c492f06d75805002be8143
PWBE	PWBE-5480	9e82441ac5ae89987d1ed72146627a6e26fff0acda106e048e5e6f0a36d7c3a2
PWBE	PWBE-5481	a89ed7ebe2a0cc3293876b0a42cd22d310fcc06b36f27e33dbce52911be7fb0f
PWBE	PWBE-5482	ddfb6c33d2cd578b0451a46fbc69a82b731730fd6c36916e7b3ea370af12c43f
PWBE	PWBE-5484	582c5487148111e220c7afad5f4df4aa1f8ff140f415f9c9714fd2b0259c8435
PWBE	PWBE-5485	1f09402cdee9e0aae9fa37c917026754ecc3803544923e5479bd9973be4ff2a0
PWBE	PWBE-5486	fd15cd881304d126a0be7049f174829c634bc6c392840946cd92cd91c086722e
PWBE	PWBE-5487	731a998fe63cbf4e1e9265bb189054f620437cc196fc1c017e5a00bf71b3f7ef
PWBE	PWBE-5551	e7b9251b41d016909ca1107e020a184d5165bd3253156015e5514560d79bbf5d
PWBE	PWBE-5554	b93a73ca71e2302a6690583cf5b1d6612b6ab924c832a6e21d4b0ae8c54c098c
PWBE	PWBE-5555	d94471142a563d1b2095ea061567e18b1128430760075080f9667b1a7e11a678
PWBE	PWBE-5556	dc8fd517dce34af42252ebadc78173b37f8685e4a6e53b913f0ee974d73409af
PWBE	PWBE-5557	17ef437721d5f6c8d4a9454d6cffa9e4a12511defd7f08b1f57110d70d728d3f
PWBE	PWBE-5558	0f90139c8aa805723920d83ce6838928f02aa156a360daeafbf201ecbb44233e
PWBE	PWBE-5559	7082448c9a4d7270fff20b5b265c849b932640e5508fc5cc978911b64bbb697a
PWBE	PWBE-5560	732818d38e4b9ac2255167cd8f965fb6309472caf5cd8638bbd6d7b5f79199b6
PWBE	PWBE-5561	fd63df9d11af9fa22983ba956709f4d008b31ff717c506ad43e4d9a5082cdf19
PWBE	PWBE-5562	c5e3fbe9b6ceec0bd0cc56cc75961a76e51ae1f7079cd812aed4a3d87155a73b
PWBE	PWBE-5563	ccab01999cabda72062bc3821af9b8eb7bc096181fb82d18a27fee4b13208eb0
PWBE	PWBE-5564	69095e5335f952b16f6ab1aeb12fa321baf3a361b1e2ad48ac5f384ae19f15f4
PWBE	PWBE-5569	53ffce3d0161c207d2fe4df9f5818cf6d4946a5206c598c4c52171c4a6981c31
PWBE	PWBE-5570	5b841da7d54b15a05c0d7db12a64b937ed071c02774cc8db903ecc16ec7155dd
PWBE	PWBE-5571	50dda3a8e67d7de639a5ac9978b69af5c3a6199b1d4832a55e5cd7dcbcb58926
PWBE	PWBE-5579	542c88a3b5077618897a9f67bf23cd0019e54a8e83a3191a6dff2d32ae24a72b
PWBE	PWBE-5580	572ff2112d953891833a03fe8bb6c2cfa307b33b15195a3c710045e5259f08a1
PWBE	PWBE-5581	0a092561619648adced6fd1781851641684af743dcf8609363248e4507858c29
PWBE	PWBE-5582	53cd9f4456f42be73506bb44a229a0b6c5c409d51db475b204474a378d0635eb
PWBE	PWBE-5586	c88545ee3fda6b135aa86b2855125156cd7c730355971f8bd0dac10ea6dfd0c9
PWBE	PWBE-5587	c9c6d2fe942244b1a621e843f54df0fd5faa33046c71949adce35de3a5b82448
PWBE	PWBE-5588	b4a422c7892583765b2ce9bf06cbe91a76b6dac86e64b2b6a8e1463e01e348e1
PWBE	PWBE-5589	6a37b4b864d4e4e8103bd1be7922e6c844b9ee39232a54351de3e803b6231aba
PWBE	PWBE-5590	e90137e0dc669faebc278f881aa8dbdbdfdffa59780835e0e112d7394cd8de2a
PWBE	PWBE-5591	83d7aa2ed313e94cea9f791233edbc98232ddef50960a7d9f7e2f327e1bbae36
PWBE	PWBE-5592	e3cb69cef46b629e448154b42d6b2b197c064eda6f2e6d3347b59a53aeb53cc8
PWBE	PWBE-5593	05aae762d589c66c35d7939112e327575f4372e5112f2661a4c7c04c09332746
PWBE	PWBE-5594	c83b93bca96b74a19fa89a174a11da371697fab639d7cec24849e261fec5040f
PWBE	PWBE-5595	ca5bd541f609e9cccd0e58507d371e7967c16406152d94c03afbe9591ad0eac9
PWBE	PWBE-5600	18af8a1e18b46836040aec9bb45b836034df3165e4c16c2f9e7cd22421928a8e
PWBE	PWBE-5608	f9fcfcb68e90ff164cc754704d60162fc9c55f788962105847be5df826803790
PWBE	PWBE-5614	cb47896f820364dea7a2203635e2b5ac75f308b57d386b4594d6fc791ed0f38d
PWBE	PWBE-5631	3b371c8d98ff6d1cb611eab8e7db6de831abe4fa2527d724fa5b5771cfb7bbb3
PWBE	PWBE-5636	38da10b287a2ba6add092cf4da1524f6686fb5315d55e1026eb5d1f7d6137c2e
PWBE	PWBE-5637	8f29b7d191f08743879e5ddfb5e5da57ad4579c0eba58395e3fdedcbcbb3d23a
PWBE	PWBE-5638	5bf9a5329b72c862ac3c47d4bf1f3417a9328635d33be184f1acf8627c633aba
PWBE	PWBE-5639	7516927ab82d176a666955d3cb3a33f49bc28fff883fee4f8bdfbddf715d934c
PWBE	PWBE-5642	55454dc9f7c37b22ba50683e6d66ac7fe2b529081c0d0625976373f679662c73
PWBE	PWBE-5643	333812757c9a932e84bb67aeb918c196edb516b41e81c1214a773724fd8c6bdf
PWBE	PWBE-5644	413c45a1f8f6f895f1d429d7bd01c09ce2c5290b424ad1e24619fef1ca7275b3
PWBE	PWBE-5645	eea41e041e13036e1edf6c3adcb8ace47cd054f2a3163b9df2e975e149f21204
PWBE	PWBE-5646	c9270d28ce8f5621008f566de53c66c17b5e73b044a5f725619e0772e6741dc7
PWBE	PWBE-5647	db07bb6d1602f05b1696279f5a3bfc00eaede3020383cc52a7cae2a24b4badac
PWBE	PWBE-5679	639396a2db077a939d9d9de8ef72f9b0521fb515d4f1052f06e92f2f5ec64624
PWBE	PWBE-5680	40bd24f8d5046ebb8148cab4e66a7d7b29ba6eecc45580b8b6925d3e94134aad
PWBE	PWBE-5681	282fff8e7f82dd0bd103a476ac11d812ea486b2ccdf325873bec9fbce022dd98
PWBE	PWBE-5685	f8daeeacc505cbd688505a079ee8dcf88fd72c9b2ee074c900d9b94fbf8ae4c5
PWBE	PWBE-5686	0a6bfef5584722cbc4247ecb3479628ac57323d67ef28c9d5c43e310c5f09302
PWBE	PWBE-5687	20586b2e567b2b0a5f553a8af9dbc76849bf6ae0c65fbeb6f42da87459d95c71
PWBE	PWBE-5688	d4ec7422c94e8a2ed6a0a3f3a74756d3467bf4213c32a05d6b1608564aa6fdfa
PWBE	PWBE-5689	9e6657962f03e019492c5e9cf58e7906de3614d6e12caf8bd618ce694173075c
PWBE	PWBE-5690	c144e3ed655d920e0e69202009d769edb40e7cc8893cfff50e52aa559cd863fd
PWBE	PWBE-5691	a8a874c472f2e61bb3ed04ed1d6d4f7da2d966453a0cd26f5f9ab5475e8cc457
PWBE	PWBE-5692	2ff5faaf237be2300b5fd6c4f1e7a5e973e73dace9775e8fce8fe4597b70490b
PWBE	PWBE-5693	12c3274301f33febd6e233b072981e240b0ff82e57b5fcecfe1cc1fa921b59db
PWBE	PWBE-5694	bde2c077b8d58e57dcc26278b68e0f9c50d725ef9c1c61d73bde0209ee4f38ed
PWBE	PWBE-5695	cbc30953eaa60be65721b56e0d040cefdb7f6f75aaacf7a4913be3e47c7d72cc
PWBE	PWBE-5696	3a622c45a10c83468d0b1618162353dac464e5202bf7410a3239bcccb471f8f4
PWBE	PWBE-5697	27b1b5dbc64a776a9fe253eef6c6f4a99d043e8a89cfd962db77f3a77335d8b0
PWBE	PWBE-5698	c99367e7468c31a6b15f8d6c88a9f222caba7930267f38d77c53c52ec6a955b3
PWBE	PWBE-5699	1a584459e7952774bbadc1e8574ec63cd096ca017c896dc5e374169f20c3926f
PWBE	PWBE-5700	87ae4cca4fe419c5fbac32c7472cef1a476ec41fe26541bcac435870618490be
PWBE	PWBE-5701	1292b94815cf338ce10d6c75bb1135a64ca5fd2b1e22d2f5a6078053f41cab13
PWBE	PWBE-5702	dfc3aadca1a2252051b2b1c44623a711fc59af635d0d2ad316320104862294e9
PWBE	PWBE-5703	28e26e214db4ccf2ac234e94d6efef5eeede6aa66571091f9d5230347052079a
PWBE	PWBE-5704	8eef4f68dec3d4ef14b870e93d6d2b950de1f2251888e3e41b2ea7d41da20868
PWBE	PWBE-5705	8d5d3fced51dbed9bbcfa1b218fc430a00fb56e0132e632754f3edf280cb72a6
PWBE	PWBE-5706	7ed1bbe2b15c2a794aa6f2939c849c1b2d42df8dea1c9ab283791387b9f2a29b
PWBE	PWBE-5707	013d01446a8df6f07da920269fb071019f5b3abfd1efff64ce688645d124d2c0
PWBE	PWBE-5708	f0e7df64ea45a0866ecb8b5bca15c6bb9b716290f9be6b95d4cd9d400b57382f
PWBE	PWBE-5709	d2e140913102f435b6c710310e698308a669b0145ed45fb16d750df004d705a4
PWBE	PWBE-5710	7910adcbbb846148d1ee1340a5b6256652ae4ac297b3c85275b9e3501ca02684
PWBE	PWBE-5711	a4ffbc44fae1ba5764bc8890cae29e6696e6ddacfe36e9d5298f2c45f7807c2d
PWBE	PWBE-5712	74d92ad318b94a37e624d98c5777677eaa225f544bb241fde2866e336263aef3
PWBE	PWBE-5713	fb5423cc0f2288584bfed073bd4c87fd872c1decb406e36dcbb9756ddf39840f
PWBE	PWBE-5714	7e591afd6c216e7cc80e42d3bc45be33a56a5748f51a7e891881f44042618bc7
PWBE	PWBE-5715	c5e8016cd490656f7507974ccc51f1de2e063da4e850edad4eae7816ab3c2728
PWBE	PWBE-5716	51f5156ffeae0a05a95de9d6132d9d00df34c3b861d0701a5a7a7a9628df9426
PWBE	PWBE-5717	3ad87c5207ee4b763a4fdb0dbaa423411ff7b77b900cfa610a770ae1cd6da3b0
PWBE	PWBE-5718	cc5772ea49f7e061e57cedfb36fef05cecd060c9a9d29479382d7123ccb27587
PWBE	PWBE-5719	2ba58afa96363139df1b9130cf85535c512a24638f70e1ac9e700959c7fc6991
PWBE	PWBE-5720	e015f6fd109f6ed19ae10531f3bb44a200d67d19d0b4c6171d32293ce2202ac7
PWBE	PWBE-5721	a32835e00e22a19143640aeca920d9923287e80438a45358c1bc9b2434121e17
PWBE	PWBE-5722	846bdaac62b79f2a0ff0ecb079c90afa51c6c7fb0534f48718d2279cd76bb8a6
PWBE	PWBE-5723	fdd7058eecd3be04a77ce1df99522b3f074d1210d8a0ae24aefe9945330ee083
PWBE	PWBE-5724	d2ed1e48ea0ad596ef73f99fa787218f0c85c516426e93c77ab8e7cddff2c2c0
PWBE	PWBE-5725	8bf997a746bf23993b0dd8b31a413c162d14ac352db46bef1c702db0c8090ff0
PWBE	PWBE-5726	139d3c9b1dbfcdd8c3128f4516164459d7b2907ca4d9822810d89a88a380460b
PWBE	PWBE-5727	b9d042865dc67a96335f422c1170228f52fdcb5bd5ee5caa5646b7d250d50cb8
PWBE	PWBE-5728	8590144c45b91b29e3fcacb2762567098b27a169c1c1faf025dcc992324f7eed
PWBE	PWBE-5729	984e1b611dfd687f59bd595159621563ceb4a960b084eff74b32e8dce2b7bc8d
PWBE	PWBE-5730	34aee1efc3b252b805753b62ab3f2c3baeafaf09074e993bbc9644a1f3dc58c8
PWBE	PWBE-5731	1b1b8594a723d26eff940debf3ce3e64ff6f7317dd335f13a92f8b6de48a6d69
PWBE	PWBE-5732	5b3c436276ebf06b9c26bdead3fcb3f27843c53a431a16f761cda5eefdc107f4
PWBE	PWBE-5733	ba266f1a65c13044d17d80c8ee2073adf8fe6fa9c226ef720c6f72961534bc23
PWBE	PWBE-5734	5b08b462d0a53626de687ea9be5d9f65b2e65934bd2edc4a6c202350c95d5295
PWBE	PWBE-5735	17291b7c2a1ef76733d271fa15a01e30965c18187ee0a1504a0f2e34b1059ecf
PWBE	PWBE-5736	695ae6dcc72da601e0e63281b025eb252dd51e6cb3aa9b367be7da92bade3707
PWBE	PWBE-5737	8c375f521667b8e9dcb2018a4980f2e5a462e6117748dfeb333a81f26ae7fc23
PWBE	PWBE-5738	864ecf48b480287daec5a384307055eee44772dbfe3e63a44953e390b556f228
PWBE	PWBE-5739	63d5962afb529e995cd0a9f6b71d193e4c24f34cc69aec32ceea6cb560f02cd8
PWBE	PWBE-5740	ba5c85f4e081dc190a40ca74483278e00cdf7dfd6d21903b1b11c91bad653795
PWBE	PWBE-5741	8fe2c26d6e61670ce5380f7c41c7c8bf621f0daac408e4f51387a0b0bb54eaf6
PWBE	PWBE-5742	a22381a21fa31a7ca8ae78d0d1e62d6c08214bb6e72f661e429202fbce88b7be
PWBE	PWBE-5743	b551a89caa9ac1eff697636be37d8eb922b3568f954e81399b4d1ca1920e6f69
PWBE	PWBE-5744	90b768fa45ff1fe955487609b04efbc4c270ee9f1bbe3d9c9b2579205c671ca5
PWBE	PWBE-5745	31a37110c2cdfacf013f8a9e65ba48e67b074bece87c6abbbe5767d3df2f9f33
PWBE	PWBE-5746	27786fc796508d681d2c3fcce04803c6e22f8103c996a58176acbc96896fde1d
PWBE	PWBE-5747	162f34785aa67eaa8e66e940c72157142b833329b73e454bb2df4057a6c745b0
PWBE	PWBE-5748	a733d393ccae2fe2639db169d4bb23b021071c275ade9b41125d061477a62300
PWBE	PWBE-5749	77b2d309519d343e6d7e70e9bd6c8811166f81ea3eceb24d84b8f1585f3afeb6
PWBE	PWBE-5750	e890d568dfa7d3a5279e2be803fb3640f4f512297321c0864793a40bf9bc5e2b
PWBE	PWBE-5751	9eb3062d8d63c24d9623b7b4c995990c57cdf792cc4ffcc9ea104d7adef24aa9
PWBE	PWBE-5752	e19e82cfe3a1a3be23c80dd59f247271df3875174ccd26643ca0514413170582
PWBE	PWBE-5753	e81643636c38e3afe53b0adb50a5bfa87082bae8f888626209f30c0ae4fcde54
PWBE	PWBE-5754	ac2cb74e55750df1f69619fdb57bde2e345387bfc858b2838ba69ebb442d44ac
PWBE	PWBE-5755	8e9595e0db6ac044d9d0d018d99a37b89cdfe85845ec022ea55c8ae1b50e9444
PWBE	PWBE-5756	b94025d5ca19766623a1f419222bd2b9cd11a79a97b44a5aabc722ba6d74058a
PWBE	PWBE-5757	448c68daadce20f9fe0018bb6777ce8674ab563b49f5298ca00e1bd0b3763ccc
PWBE	PWBE-5758	79b31842405ef6eda7096c2f4ac6d5ddcbf447d8a64fc394d4e689b7e933757a
PWBE	PWBE-5759	044696b04050f0bdcea44916f5296620ed77efc8f0343c06e9187c7a3da37a78
PWBE	PWBE-5760	1d0cc3ab00ad14c6ae088c4bf236e6193c42028f1a9c57b1632fdd387306fb79
PWBE	PWBE-5761	6bded71a22f8345db52c68fde1cb00d909aeb2440b710c61e2bb7f573a1dc055
PWBE	PWBE-5762	721641eb34d15ce1e5aef4590d3e21f8aab5c320aed0b40a6a14188ca50eafa2
PWBE	PWBE-5763	03dce2263b807f8d9131b0b8d17e7d6e6091272ac32b431fc5d8414d6af9a686
PWBE	PWBE-5764	9e55df7ff4caf0374e1b09b607f57bfa0f0e7ec7e04e634ce8698950b600d417
PWBE	PWBE-5765	44eb346cee8b6da55db9d9b7fe722ea4eecbe1f703ec9d3abcc26408ff29fd76
PWBE	PWBE-5766	9102993133350987db47a3e9f57ecf0bd0ec2b12983ed17caf8ee48ac3a6c06a
PWBE	PWBE-5767	b2fee54d8e3937dcd8c6240764232c3102a6dbdf60cc77508cf1ba331a9c9818
PWBE	PWBE-5768	fd83b0e9431fd5f7e1ada47661d3324c0d2ad74226a36ad1b2708f03c08e947e
PWBE	PWBE-5769	1864981d0075a679ddcb8767fceea6fe484cdb09895c70e14bf631925f5235b6
PWBE	PWBE-5770	804060e1c98a8e665a745ce719a070a5b1c433cf1028c76ba8bbb4f1e94ef8d2
PWBE	PWBE-5771	0189c85ea7c91a1ff1b5a2db4c47a489589d21c3052c8d5fd76f00d5ac423256
PWBE	PWBE-5772	5f206f2f45a810e6e1e9c18c3548123232ac9c91fdc79cace1f5547d051124e2
PWBE	PWBE-5773	9ae4d8db13f48cbf24a97ae9abb1e5a5c65f39836804479e860afcbd266bad34
PWBE	PWBE-5774	ca6084a7301931f9cbfae675e75ecdf5829855e6725b6a49434d1e779c432764
PWBE	PWBE-5775	e8aeeae4a8fb329e89120f2c82e777f7f41f7047b4deaa08466c4ccd8ebfa532
PWBE	PWBE-5776	94728d99808a851f63f9644056f239310c2c91a37145079994f72b94c135b026
PWBE	PWBE-5777	a743f7e6889a9fcaba6553e010743849e43dac7f3b8d940207642141db8008d5
PWBE	PWBE-5778	b74da8f7f27f3a824c35ec4fd00d74b54e7e2a93beaae63d03c7bdbea9a195c6
PWBE	PWBE-5779	9bbb9d632245f7e21e019d2360f8446855cbbbb87c67ee428aecd1523c7e9b6e
PWBE	PWBE-5780	06a13627d66ca392234657c2fa6482cfc1779f731031c49d5ffb8e2e14147295
PWBE	PWBE-5781	0dfebe48d30f2e2c729cdb7aeb3f22f61d96906754fc5608dfd425e3a81f8c5d
PWBE	PWBE-5782	3fdf45e9b4986a8ce526a09289329027fa29bb4a45502cdac533f564a1c217fe
PWBE	PWBE-5783	8bea384ccb9e8fe82a8ae20f8433ef47171b93406aba2dbd45a973dfdf2410e4
PWBE	PWBE-5784	031a6e2b7706509b18ffc156b9691aeac071c44fe1e5b1b6dbc4fef38b24e7b3
PWBE	PWBE-5785	0b3fbdcb3c2e301a3376de1df621c29d25cfa8a997b30c698903fe2a48b13545
PWBE	PWBE-5786	93b987df509836f10fc9d7b7f01ca0ad91e1447c646e7954f9ced6c70637c65e
PWBE	PWBE-5787	d1bf7c39a7ef7e8f4c7c5d9d758a66099ecdf05251532f48d0633430d62eb7f4
PWBE	PWBE-5788	6569effaad0ded7bc849ea196069d46611636f996d5a5f64c2a0e69d42292118
PWBE	PWBE-5789	972d1668379b1e20ae03373a1b1887d6c13a20f593841a53004b8e74e63591b6
PWBE	PWBE-5790	681e553b961d6a71b1c21540d68af14f908837f8db0c0b84b87f7c337fa9033b
PWBE	PWBE-5791	442bc7a1ea9e2aae3f2082ed27dec8e6e0edf779804a8969d29f207bce3836ba
PWBE	PWBE-5792	8ad25bb6618c9c982c7b4651e1b9cde258e1475d575b3eb308f41f552eb89832
PWBE	PWBE-5793	eb1180860a72ab61ca62b4b39d4eaf4ca70427677d5ed4b632995ba487797c57
PWBE	PWBE-5794	d81064eafdd6019b2c3074868cd4081abc2d225f48329408055fc3e94d03b1fe
PWBE	PWBE-5795	8383bb3184f2afe52acae37f5f563a9936ccf7a9008f569c9fe648bb6769a8c0
PWBE	PWBE-5796	70460832ca25b4e0cd3e192c84d61738b9eb4a3ea4ba286ed790a712b8248ac0
PWBE	PWBE-5797	49e87fe91ebec9ccc0f37d667a40f48cc625dc8b2a4dfaf319753d5c6c9178a8
PWBE	PWBE-5798	ee9f8c7383c2492943ee640e3dcfad8d60beacb58abee0eedb0c2e4b5513711c
PWBE	PWBE-5799	0859e20185ec34ba114a6afdd9333d9c61e4ef0e1aabcbff21e3d12292195613
PWBE	PWBE-5800	8d2a3cf54b199a5fd2e6249a45ec3b9773950b3f575b23bcb604da2f68d04402
PWBE	PWBE-5801	afc62dc8a03abfb29aad8ac08067bdb675c5bbec102559c310cd8a5a68ac92d7
PWBE	PWBE-5802	839c5bb80d7f9bc2ab1f9fa517ee85fc081b856c2f3b80239c6bd693428d7316
PWBE	PWBE-5803	e6df852875fea9b54139076fc756019ec4cb0531d678852577996406df148c1a
PWBE	PWBE-5804	9faa0cea140e54da3add520e162c8a6bec2bd9cc1bba217beaf00ee5d840405e
PWBE	PWBE-5805	44bbe57fd980e0e03820b2c13e8ff8487eb774a07157b91699e2213d659f73ba
PWBE	PWBE-5806	51430d45745764562dbd8faefe9f3bb3b0f29d9363ccb368f9e9f84880e815d1
PWBE	PWBE-5807	0a7d4288e16ebc71b13d56f6b3f730b0f54e6d716862a647fddc038251aedacd
PWBE	PWBE-5808	d93867483b2e54c47b6d84720fa32ace3e415a5a8dcc45f4bb623810d0f73ed3
PWBE	PWBE-5809	fe4646d33a0ac16158cd037b96af13c850afbe4b106aa166f28b06be034dbe78
PWBE	PWBE-5810	a9da743c73036dd4b838756704cb7e3bb24c0472115d89363b4f515e0e6292e5
PWBE	PWBE-5811	ea9b31f988fc2486a0b3b68a784ed48b3a684bf9b89bb97ca0c1eca1938d917f
PWBE	PWBE-5812	3b642fbd5a7242c2fcc4fcfd6318e547dd13fd980b5768d778477795eb719cf6
PWBE	PWBE-5813	36a67678644660e23ee2ec3c1d92d96eaaa15ba6dcf31f1b44e68be687cdd424
PWBE	PWBE-5814	8e492a291fd1b60da21aa7ee7591304dda0b563de09d6e8ff31f7e4e0d9b019b
PWBE	PWBE-5815	081cca2074b64ef4cc934604cdbc9d4c83350dea93a0681b8887cc5743afcbaf
PWBE	PWBE-5816	58a87e2a63cba13aa385cf0d7aef120e5598ba55574587d58e72b38cb5a90377
PWBE	PWBE-5817	98cdcd2931fb2990ec108e004d68afb5aa53d02d99ee9ce180d035850deaefea
PWBE	PWBE-5818	a8d121482cd511c23c3c3644c7ff4d72cdf76de9cabdbe6cf45651844ceaa921
PWBE	PWBE-5819	b4941fc4d4ce79ee2d5245b03f190b1b7558b072f7df192b6d8989315c20cc79
PWBE	PWBE-5820	b871dbc4fd57b0e8d7b7a0503e280b7e914cba34af3b04d9b4a6c2a6c589f1dc
PWBE	PWBE-5821	006e4e26d0ea8802930b07d817954ada0443ca798995be8538aa95e1e3daf020
PWBE	PWBE-5822	8b4d2cd99fc7e7cce9bed6c28196a3c5e3a6bfa572068c80c5c9820b49d5aab1
PWBE	PWBE-5823	b63f35b3bf27017e68b4478d629ff1cd879b9a3e34ab85c323dd7a8066f82d3b
PWBE	PWBE-5824	d21af5d93faf91019e53d70bc66a89bc88bb0f1109b6c31c060777d3cba5a354
PWBE	PWBE-5825	54f2db417ea6a52b3ee81920517279b3841fd1e16cd87bf423e6cb0c458f81f4
PWBE	PWBE-5826	cc3876e2f98ccfde3b017d8d8d4722dfa7ad1719a9e0e20fc65cdf2ad83a7d47
PWBE	PWBE-5827	782c8d5302035cd39d5736230cc1348ae4c9c6bf6808c6180a7282cded5f3691
PWBE	PWBE-5828	7886957226161025a02d22528a3dc80bc3adb948176ee404ecf17611685f8af9
PWBE	PWBE-5829	dd76a751d20890aca6ff56191b42a0ab77720cb518ae191f2bd47e9c097064c2
PWBE	PWBE-5830	5a087cbb18069552f2edd2d26489d7103592285c1fb5db7083792e182bb30e79
PWBE	PWBE-5831	6a83c22da9ca82405b24be1386941403a65d005d2a09c814112defc829bab9e2
PWBE	PWBE-5832	d19356a3fc1895042e400e65f1eeb92e7a3af130d20665d92e8fff62a3a71824
PWBE	PWBE-5833	4324f13d4748b9b3e4928bfcbf10bdfb28ccb5cae8927c47332cf7ecc542e345
PWBE	PWBE-5834	75cfc3814061049c10db2871f300c75d07f8b7a9568647b53f7caf2a91d25f3d
PWBE	PWBE-5835	b79da30e4802e9efeb1f6cc5d345f9e5da877398be034f61c4a9776baa0103cd
PWBE	PWBE-5836	74287619dc83ff2f8648347c6560ede0b8188394f4931a678748c4c9ec47bd37
PWBE	PWBE-5837	39a157d87c990b11c16e7a0dedaa1f03c08fc57228510ffa1653f1f3bf4fe2fc
PWBE	PWBE-5838	b90375f3b9bdce102e5e69c8dcc97d4c58e2e4df1c8a0d6de26fb80404670aa6
PWBE	PWBE-5839	d7178c508c6c37167de095450705b9e22e3d1e83d507663c8d58b96011f9150b
PWBE	PWBE-5840	5cd3d68035dea504da4795cfd37e02934de9136c721aa9ba2f3bf75bfe465e20
PWBE	PWBE-5841	05b6dc2e18fab6814c85235dd2210497920dcff1f86e778e13ea814a59d0e9e7
PWBE	PWBE-5842	fc2a2e28288ea0fe79dfeaa98b16a6c5ec4780609a11443960ff5d04fb875b5f
PWBE	PWBE-5843	89c553e4fc80e9d0592b6371bcc986ac7b41129d55539e3db975e4785bbc5c1d
PWBE	PWBE-5844	2068d2307d93a7de3fee455ca865dbb2e87f8df90e779014008cebf6dbd761df
PWBE	PWBE-5845	11d7611c714fbb83a02b480e6e514941a2e18d83ecf59b6c2b38c6d2eecbccee
PWBE	PWBE-5846	e85d9728bf6ece03c4dd9e4bd1ccb0e4084c6bad2731b30a1b01d59d849608be
PWBE	PWBE-5847	d7cd9bd43696e95d146eae77ef5dbdbdfbb4fee958f4a5749f66ca408bca1253
PWBE	PWBE-5848	39712660a80dd3a75cf05ae1d912e577c219e23c0322de3f4e457e566df0f228
PWBE	PWBE-5849	8f33ba9aa52fbcf27a0f0f85531a33f15358ad6d651e206bcf449368ec399c02
PWBE	PWBE-5850	4bcaa7d7d6347331ebaa95b478d2f4070aeb9b9b0c96dd9ea05d0238ebaf514c
PWBE	PWBE-5851	0ef5049027eeac1f2c66679f5198bcec52cc4392d6114fbca90a53481344b428
PWBE	PWBE-5852	4907c9abbbc58b3032f12022a874230145bd57c64d9e99b8842f08f9bbafd8cc
PWBE	PWBE-5853	adfbe774c697605a3c18403ac040b20c6b865355607c2c64db100cb14853f832
PWBE	PWBE-5854	5dbb2077271c705d69461848f35a0a4382a003a1ebc638def6b28d71c2025dfe
PWBE	PWBE-5855	350003dad192b3388ccf43e824fd4463d4cb191f800f154b6fbe1c34951fee2e
PWBE	PWBE-5856	d95ff118127dfaa4668d23d17e1599acab47731906620d48e7d3bb773b0a5d9e
PWBE	PWBE-5857	3060b45bf7717ba374c88f2fcaa54f9a62e598a5dd53bfcd23d87be848e903cd
PWBE	PWBE-5858	233329e002d6b19bd30f98560f4ba9a0e8cf3f6cc53e25cae94943b78d795d2a
PWBE	PWBE-5859	a118571f59656af5f2e1cc9b9fa8def4e1c046e1b32ed2fb1ae7902fc80d216d
PWBE	PWBE-5860	7054747534d553a2be78e0c5b29f575e73769a7fa1f4dd340d29818889f44d25
PWBE	PWBE-5861	6142018dd206ff22f088851df38544f94298db89981736635352934bc517ccad
PWBE	PWBE-5862	04e5b3e970c8bf8b6721b01ba1f2cf92bc79643f66d5b97ab791ea54e6456a36
PWBE	PWBE-5863	92c49d123dbccf9a9ba269bef77356b8257f4b4641b15f0cea00a7c1da41a116
PWBE	PWBE-5864	f3449a89660873725370ba5243f6d68f6b7ef0145584bcc662b8d2054485b975
PWBE	PWBE-5865	c004a5102a5bf7149d3e1b859018ae49a145e2a61968ad7f5243690ddee1044d
PWBE	PWBE-5866	e6b50987eb0c508b81025b4943ce07ec0d94fc5e9e460774bcbe3038ae8492ed
PWBE	PWBE-5867	83b499a3a2329f6d60cdd8536fe019c05a607f7d2c30e5afb1927eec734774ad
PWBE	PWBE-5868	e8a5bd236b579c762e9f7b1fe0ab511594d7da7161405fe98c66d6f8f2d19042
PWBE	PWBE-5869	18b8a30b59c28c6c073f85b7d6616548ecf643e31a2a1e3f5082e72306c7c0fa
PWBE	PWBE-5870	86ca116c87723be9bbbf2ad9f2e299f1fc533c0c4b2d330f80971c3e281f41f2
PWBE	PWBE-5871	a4b6901d549adf611a02ff7cf8807622edac28dcdf42a5c3f33c181e3933298c
PWBE	PWBE-5872	f8ae3ede9d4ee59fcef5151fbb5a8b9504f07486c01db85a9585f0ab2bf22005
PWBE	PWBE-5873	c60be59bc34d771b554a4c376e249578e85b522207eff571fa8103496c57855b
PWBE	PWBE-5874	6a2d25991b49e840f80357a16d0ce147eb6e52e5421d2a9c464a949eb6754263
PWBE	PWBE-5875	cdc43d34f9f765758dfdbbcdf154d836bed03b7b2d084bccab5e949ee1614c6f
PWBE	PWBE-5876	7842cd375c3f3f97924b2c6a403a9df3b1e5314e3f19522597804221926e8e49
PWBE	PWBE-5877	a60d66f58652cd699151f143b47157107760515992f2d262a5fac35a6bde0f13
PWBE	PWBE-5878	622742f296f4f02d7b38a07cb196da6a3e306f221637f73e753b454834989f3f
PWBE	PWBE-5879	8c30c1f0173381cb4e199193073b118ef3348f75a7221d18dd7c14899a5e5b08
PWBE	PWBE-5880	2b74a189fb516e1a29e509739112969cd5e6fa7fb236d0bd4a641daa2a02acf3
PWBE	PWBE-5941	1de5399a35c445e647f89e99bf4a771c23d0c735d0023b3e1b883324c2b46304
PWBE	PWBE-5942	675908e131c18eddefd1c4b838dd423b4ece8e3920a36ccdb24764fe9f55e558
PWBE	PWBE-5943	403dfb0ffddfbe7bfc4c2781480b919fea0eabf261de5385c401004cf7d80da7
PWBE	PWBE-5944	1e5cb828226599e9245ff7870bbb0205edb4204faf83c00960d251960d5d7d40
PWBE	PWBE-5945	56a3f370750b4814c453446315d8f0ca1b76d5a8f8abbea94746bbff6fab6112
PWBE	PWBE-5946	d1b2c7e33ca7800823bfb671ffd6eac0576c5f96291d33360ec43d500a4f4fb6
PWBE	PWBE-5952	84e092bab2d6042cfadd940ca38a656086d66192bb98db7f4a6d532b794c60c2
PWBE	PWBE-5953	fda43fc623493abe52ae5a8b0f3586ee1da3ae3f731ccf01dc804b57b2cb95d8
PWBE	PWBE-5954	eb19258ce9aac39734b17dde288cc8c20729188dc6c22d1ef4dc423ef1d3ba9a
PWBE	PWBE-5955	12094fc750bd0c39b71fba8ab62ff79794cb5fe13ee3e2c15a70965d28385325
PWBE	PWBE-5956	abc0969f687bfc9081b7cfe021fa4ff4e76470f33ce012658cfab31254896ce5
PWBE	PWBE-5957	d1a5cbb89d4d1eb939a9a55961b66ee51d74edc88999741795877ad724a486d8
PWBE	PWBE-5958	9b8de9c3470654f6163961a7082e736cbb611b647bc630d2afe3e6fdf590e4dd
PWBE	PWBE-5959	7aa1a017e0eaf1bbb4935e11223a5d380d9eac0b613daa349382cdfb8aa4add2
